threadview_response_info,threadview_response_body,threadview_response_body href,threadview_response_body_be src,threadview_response_body_link href,threadview_response_body_link,highlight,res_id,js-response,js-ng-setting href,js-response href,threadview_response_body_link (2)
"垢版
|
0001 ジャストフェイスロック(ジパング) [ﾆﾀﾞ] 2025/11/26(水) 12:33:40.15","台湾の外務省にあたる外交部は台湾海峡で中国との衝突が起きた場合、日本が協力して台湾を防衛するかどうかは分からないとする分析内容を議会に報告しました。

　外交部は高市早苗総理大臣の台湾を巡る国会答弁の影響などについて、議会から分析を求められていました。

台湾メディアによりますと、外交部は24日の報告で、いわゆる「台湾有事」に関して日本政府は戦略的に曖昧（あいまい）な立場を維持していると指摘したうえで、日本政府の意思決定はアメリカの動向や日本の世論など、多くの要因の影響を受けると分析しました。

　そして、高市総理の答弁内容から直接、「日本が台湾を防衛する」と解釈するのは難しいという判断を示したということです。

https://news.tv-asah...icles/000468461.html",https://be.5ch.net/user/455679766,https://img.5ch.net/ico/araebi.gif,https://news.tv-asahi.co.jp/news_international/articles/000468461.html,https://news.tv-asah...icles/000468461.html,21,ID:jmX74zT30,,,,
"垢版
|
0002 ニーリフト(みかか) [CN] 2025/11/26(水) 12:34:49.64",じゃあなんで中国はキレてんの？,,,,,16,ID:ygv2uj1o0,,,,
"垢版
|
0003 ドラゴンスクリュー(茸) [CN] 2025/11/26(水) 12:35:31.07",チャイナ人に日本語の記事は難しいかな？,,,,,,ID:JB8L354w0,1,,,
"垢版
|
0004 膝靭帯固め(庭) [US] 2025/11/26(水) 12:36:07.94","普通はそう判断するわな
高市降ろしが目的だから
公明党離脱からようやっとる",,,,,,ID:WtJFasC40,,,,
"垢版
|
0005 ツームストンパイルドライバー(茸) [CN] 2025/11/26(水) 12:37:26.00",そう解釈した中国が意味不明といっていただければ,,,,,,ID:i8Q6oQdb0,,,,
"垢版
|
0006 ムーンサルトプレス(茸) [ES] 2025/11/26(水) 12:37:46.75",中国の反応が敏感すぎるよね,,,,,,ID:igujXOls0,,,,
"垢版
|
0007 32文ロケット砲(ジパング) [ﾆﾀﾞ] 2025/11/26(水) 12:37:53.93",">>2
朝日に騙されたから",,,,>>2,,ID:sUIJD+1V0,1,,,
"垢版
|
0008 ジャストフェイスロック(茸) [FR] 2025/11/26(水) 12:38:03.10","むしろ中国批判してるだろこれ
日本はそんなこと言ってないからちょっと落ち着けって話じゃないの",,,,,,ID:437TpggS0,1,,,
"垢版
|
0009 栓抜き攻撃(庭) [JP] 2025/11/26(水) 12:38:05.24","当たり前の話だろ
日米は当てにならないから自分で防衛するのが基本と言ってんだよ",,,,,,ID:JnT4a7V40,,,,
"垢版
|
0010 河津落とし(庭) [ﾆﾀﾞ] 2025/11/26(水) 12:38:14.39",">>2
意味はないけどニュアンスはある言葉ってあるじゃん
中国に喧嘩を売るニュアンスはあった",,,,>>2,,ID:eWCN1Wu60(1/18),3,,,
"垢版
|
0011 ストマッククロー(東京都) [ﾆﾀﾞ] 2025/11/26(水) 12:39:13.11",">>1
今回の中共ヤクザの
日本や高市に対する言動は常軌を逸している
中共ヤクザが、真摯に誠意を持って
日本及び高市に謝罪しなければ
決して中共ヤクザを許してはならない",,,,>>1,,ID:Q5qS84il0,,,,
"垢版
|
0012 ローリングソバット(ジパング) [US] 2025/11/26(水) 12:39:20.89","> 日本が協力して台湾を防衛するかどうかは分からない

しないよ
米軍が参戦しなければ、独自でシーレーンを通る日本の船を護衛するだけ
米軍が参戦したら、集団的自衛権で憲法の範囲内の補給とかするけど",,,,,,ID:Zfm6MOw30,,,,
"垢版
|
0013 32文ロケット砲(茸) [GE] 2025/11/26(水) 12:39:35.87","台湾は中国と戦うつもりないでしょ
対話による解決模索してた

それを日本が勝手に有事と騒いで逆に中国の武力介入煽ってるんだから救われない",,,,,,ID:YbWf17sS0,1,,,
"垢版
|
0014 エルボードロップ(ジパング) [US] 2025/11/26(水) 12:39:42.13",パヨク「台湾外交部の言ってる意味が分からないニダ」,,,,,,ID:XmB5uUPD0,,,,
"垢版
|
0015 キチンシンク(東京都) [US] 2025/11/26(水) 12:43:02.36","解釈が「難しい」ってなんだ？
直接電話して聞きゃいいじゃん

「やるの？」「やらんの？」って
ハッキリせいや",,,,,,ID:J+Ecluda0(1/2),2,,,
"垢版
|
0016 河津掛け(ジパング) [CA] 2025/11/26(水) 12:43:35.03",">>7
アカヒ「準備してた内容を指示通り出しただけっす！」",,,,>>7,,ID:MocQkJOL0,,,,
"垢版
|
0017 ブラディサンデー(千葉県) [US] 2025/11/26(水) 12:43:54.42","高市が言ったのは米が出張って攻撃受けた場合だからな
勝手に拡大解釈した工作員が騒いでるだけなんだよ
あと首切る発言が責められるから逆ギレして誤魔化そうとしてるだけ",,,,,,ID:aeKFMn8z0(1/4),1,,,
"垢版
|
0018 キン肉バスター(ジパング) [GB] 2025/11/26(水) 12:43:54.96",">>2
朝日が台湾取ったら日本が攻撃するとデマ出したから",,,,>>2,,ID:RKa3+xzy0,,,,
"垢版
|
0019 ジャーマンスープレックス(みかか) [US] 2025/11/26(水) 12:43:55.16",">>10
シンプルに頭悪そう",,,,>>10,,ID:XK6mpjtO0,,,,
"垢版
|
0020 名無しさん＠涙目です。(群馬県) [GB] 2025/11/26(水) 12:44:07.47","外患誘致罪の壺市早苗は死刑　
　
　

　
　日本国民の敵は、国内にいる朝鮮壺カルト糞チョン政権　
　
　



495 ウィズコロナの名無しさん sage ▼ New! 2023/07/09(日) 21:42:47.48 ID:LVe9+o000 [15回目]
台湾と日本を1つの韓国にする
i.imgur.com/IIJe79n.jpg


マザームーン

508 ウィズコロナの名無しさん ▼ New! 2023/07/09(日) 21:45:07.62 ID:7TvA0Pan0 [2回目]
>>　495
完全にCIA→KCIAのパシリだよな
Twitterに出てたblck～って何て名前だっけ？
スタバみたいな所で「ウクライナ戦争嬉しい」と発言してたアメリカ人の組織名知りたい",,,,,,ID:5sWi31770,,,,
"垢版
|
0021 キチンシンク(東京都) [US] 2025/11/26(水) 12:44:26.55","つーかさ、台湾が独立した「主権国家」なのか主権国家じゃないのか

そこをハッキリせいよ

ビビってんじゃねーよ",,,,,,ID:J+Ecluda0(2/2),1,,,
"垢版
|
0022 ブラディサンデー(千葉県) [US] 2025/11/26(水) 12:44:47.53",">>10
お前もパヨクのニュアンス味あるじゃん",,,,>>10,,ID:aeKFMn8z0(2/4),1,,,
"垢版
|
0023 ツームストンパイルドライバー(ジパング) [US] 2025/11/26(水) 12:44:55.14",意味不明で混乱してるのはサヨクだけじゃね？,,,,,,ID:dD74PKjF0,,,,
"垢版
|
0024 トペ コンヒーロ(埼玉県) [KR] 2025/11/26(水) 12:45:29.93","高市総理の答弁内容から直接、「日本が台湾を防衛する」と解釈するのは難しいという判断を示したということです。

台湾人はアホな中国人と違って朝日新聞に騙されないw",,,,,,ID:VOvce/tf0,,,,
"垢版
|
0025 ドラゴンスクリュー(岐阜県) [US] 2025/11/26(水) 12:45:32.23","意味不明じゃねーよ
スレタイで捏造すんな",,,,,,ID:VhEWtPn10,,,,
"垢版
|
0026 ダイビングフットスタンプ(茸) [ID] 2025/11/26(水) 12:46:25.60",">>15
ちょっと前まで高市はっきり言い過ぎと批判していた奴らが居たのだが
まあ中国も反高市も朝日の見出し詐欺に騙されていたなら納得だが",,,,>>15,,ID:3bYa4c8j0,1,,,
"垢版
|
0027 レッドインク(東京都) [US] 2025/11/26(水) 12:47:16.58",">>10
パヨクと中共はニュアンスで外交するんだろうけど、一般人と先進国はロジックで外交するんだよ

土人と土人国家は黙ってような",,,,>>10,,ID:Jj1FZleL0,1,,,
"垢版
|
0028 河津落とし(庭) [ﾆﾀﾞ] 2025/11/26(水) 12:47:26.51",">>22
お前はネトウヨのニュアンスか",,,,>>22,,ID:eWCN1Wu60(2/18),1,,,
"垢版
|
0029 河津落とし(庭) [ﾆﾀﾞ] 2025/11/26(水) 12:49:04.43",">>27
ロジックが問題ないのに今後はこのような発言は控えるんだなぁ
変だなぁ",,,,>>27,,ID:eWCN1Wu60(3/18),1,,,
"垢版
|
0030 ローリングソバット(やわらか銀行) [US] 2025/11/26(水) 12:49:25.16",これは高市援護じゃろ,,,,,,ID:zlxsB5LB0,,,,
"垢版
|
0031 ブラディサンデー(千葉県) [US] 2025/11/26(水) 12:49:30.12",">>28
な、ニュアンスなんてこんくらい意味がない事言ってんだよ",,,,>>28,,ID:aeKFMn8z0(3/4),1,,,
"垢版
|
0032 ムーンサルトプレス(やわらか銀行) [JP] 2025/11/26(水) 12:50:08.08",">>13
この記事読んだら
全然違うだろ
馬鹿なの？歯がないの？ハゲなの？",,,,>>13,,ID:BEvk/Lmu0,,,,
"垢版
|
0033 頭突き(大阪府) [JP] 2025/11/26(水) 12:51:10.17","むしろ「中国の言ってる事は意味不明」と言っている記事だ
言葉が通じない首切り蛮族はこれだから困る",,,,,,ID:o23EE2gT0,,,,
"垢版
|
0034 ファイヤーバードスプラッシュ(庭) [RO] 2025/11/26(水) 12:52:05.43","中国も的外れなのはわかってるんだけど振り上げた拳を下ろすのが恥ずかしくて突っ走ってる
精神勝利を訴えるしか道は無いのだ",,,,,,ID:It+Ks6Ae0(1/2),,,,
"垢版
|
0035 超竜ボム(みょ) [US] 2025/11/26(水) 12:52:52.93","高市の発言に対する分析はただしいよ
発狂してるのがおかしい",,,,,,ID:McwA2ILZ0,,,,
"垢版
|
0036 バックドロップ(やわらか銀行) [DE] 2025/11/26(水) 12:53:01.41",どこも戦争したくないのに高市がアホ煽りしたから困ってるんだろ,,,,,,ID:OUkZhvy10,,,,
"垢版
|
0037 ミドルキック(やわらか銀行) [ﾆﾀﾞ] 2025/11/26(水) 12:53:41.00",">>1
中国共産党の息のかかった台湾高官もそこそこいるだろ",,,,>>1,,ID:KHCcBnLu0,,,,
"垢版
|
0038 キングコングニードロップ(福岡県) [JP] 2025/11/26(水) 12:54:49.40",日本をかばってくれてるのか　申し訳ない台湾さん,,,,,,ID:dWrRwDPq0,,,,
"垢版
|
0039 ダイビングフットスタンプ(福岡県) [UA] 2025/11/26(水) 12:55:31.79",">>2
意味不明なこと言って内政干渉するからだろ、馬鹿かお前",,,,>>2,,ID:3ILz02UD0,,,,
"垢版
|
0040 河津掛け(庭) [KR] 2025/11/26(水) 12:56:18.49",">>2
日本のメディアが騒いでるから要はマットポンプ",,,,>>2,,ID:2eCscpLT0,,,,
"垢版
|
0041 マシンガンチョップ(やわらか銀行) [US] 2025/11/26(水) 12:56:39.31","「日本は台湾を防衛しない」

これが台湾の見解です
コウモリ外交をした挙句どっちからも見捨てられて草",,,,,,ID:zC6zwBb80,1,,,
"垢版
|
0042 ネックハンギングツリー(ジパング) [US] 2025/11/26(水) 12:57:07.18","台湾を守るのはアメリカ
日本はアメリカのお手伝い",,,,,,ID:gB1VvnXF0,,,,
"垢版
|
0043 不知火(茸) [CZ] 2025/11/26(水) 12:57:13.08","そもそもの前提が間違っている
結果台湾の味方にはなるだろう
どう考えたって共産主義を援護することはあり得ない",,,,,,ID:xX2WY7+F0,,,,
"垢版
|
0044 河津掛け(茸) [JP] 2025/11/26(水) 12:57:31.94","いきなりキレた中カスがバカ丸出し
という事だな",,,,,,ID:+hiLFlsf0,,,,
"垢版
|
0045 河津落とし(庭) [ﾆﾀﾞ] 2025/11/26(水) 12:57:51.05",">>31
便利な言葉じゃん
高市は多少具体的に言った
しかし多少しか具体的には言ってない
だからニュアンスなんだよ",,,,>>31,,ID:eWCN1Wu60(4/18),,,,
"垢版
|
0046 キン肉バスター(庭) [CN] 2025/11/26(水) 12:58:07.66",">>41
当たり前やん同盟国はアメリカであって台湾は国として承認してねぇんだから",,,,>>41,,ID:zB9e2g1N0,,,,
"垢版
|
0047 エクスプロイダー(兵庫県) [JP] 2025/11/26(水) 12:58:09.32",人の名前で喧嘩売る小者,,,,,,ID:Bsn4Rx5t0(1/2),,,,
"垢版
|
0048 ニールキック(茸) [MY] 2025/11/26(水) 12:58:18.15","結局今までどおり曖昧戦略取ってるってだけ
なんで中国やサヨクはあんなにキレてたの？",,,,,,ID:33wdo19I0(1/3),3,,,
"垢版
|
0049 ファイヤーバードスプラッシュ(庭) [RO] 2025/11/26(水) 12:59:47.73",">>48
中国は国内でクーデター起きてもおかしくもない経済状態だから抗日運動して支持率回復一致団結狙ったけど国内の国民に全く刺さってなくて焦ってる",,,,>>48,,ID:It+Ks6Ae0(2/2),,,,
"垢版
|
0050 TEKKAMAKI(やわらか銀行) [ﾆﾀﾞ] 2025/11/26(水) 12:59:50.17",缶の缶が速攻論破されていた件やん,,,,,,ID:Zcc9Pi/E0,,,,
"垢版
|
0051 ブラディサンデー(千葉県) [US] 2025/11/26(水) 12:59:56.79",">>48
脊髄反射と逆ギレ",,,,>>48,,ID:aeKFMn8z0(4/4),,,,
"垢版
|
0052 河津落とし(庭) [ﾆﾀﾞ] 2025/11/26(水) 13:00:49.60",">>48
じゃなんで今までの総理と違う答弁をしたの？",,,,>>48,,ID:eWCN1Wu60(5/18),1,,,
"垢版
|
0053 フェイスクラッシャー(千葉県) [FR] 2025/11/26(水) 13:03:54.89","最後に助けると言ったな、アレは嘘だ
とは言ってないから大丈夫じゃない？w",,,,,,ID:EHO026wU0(1/2),,,,
"垢版
|
0054 リバースネックブリーカー(庭) [US] 2025/11/26(水) 13:03:55.46",">>1
日本語が理解できないなら日本語の掲示板なんて利用しようとすんなよバカタレが",,,,>>1,,ID:x6Hiyixg0,,,,
"垢版
|
0055 名無しさん＠涙目です。(ジパング) [CO] 2025/11/26(水) 13:03:58.80",中共が難癖つけてるだけってことがこれではっきりしたね,,,,,,ID:bmVkZy0M0,,,,
"垢版
|
0056 ファイヤーバードスプラッシュ(庭) [JP] 2025/11/26(水) 13:04:05.76",">>52
根掘り葉掘り岡田が粘着したからでしょ",,,,>>52,,ID:ZDz+B07g0(1/2),1,,,
"垢版
|
0057 トペ スイシーダ(ジパング) [DE] 2025/11/26(水) 13:04:33.95",意味不明なのにキレた習近平はクルクルパーってことになるけどそれでいいね？,,,,,,ID:IuKuDavT0,2,,,
"垢版
|
0058 フェイスクラッシャー(千葉県) [FR] 2025/11/26(水) 13:06:11.51",">>57
中国は全体的に頭がよろしくないのは確かw",,,,>>57,,ID:EHO026wU0(2/2),,,,
"垢版
|
0059 河津落とし(庭) [ﾆﾀﾞ] 2025/11/26(水) 13:06:37.12",">>56
そんなに粘着してないよ
高市もあっさり答えてるから
実際の質疑見てみれば",,,,>>56,,ID:eWCN1Wu60(6/18),,,,
"垢版
|
0060 クロスヒールホールド(みかか) [DE] 2025/11/26(水) 13:07:03.47",">>1が理解できてないだけで草
戦略的に曖昧な立場を維持しているからはっきりしたことは言えないというだけ",,,,>>1,,ID:0AgpTesq0(1/3),,,,
"垢版
|
0061 バックドロップ(茸) [US] 2025/11/26(水) 13:07:41.13","中国だけ何故キレてるのかさっぱり解らんのよね
誰かが日本人も知らないフェイクニュースを中国に言っただけの可能性すら有る
日本には中国のスパイがいっぱい居るがそれが「日本は中国を侵略するらしい」とか言ったのかもしれない",,,,,,ID:pNJ197rL0,1,,,
"垢版
|
0062 河津落とし(庭) [ﾆﾀﾞ] 2025/11/26(水) 13:07:56.68",">>57
それでいいけど、それで何か解決するんか？",,,,>>57,,ID:eWCN1Wu60(7/18),,,,
"垢版
|
0063 チェーン攻撃(みょ) [CN] 2025/11/26(水) 13:08:16.72","スレタイ考えた奴あったまわるいな
意味不明じゃなく状況を見るだろうつってんのに",,,,,,ID:ORrERyWg0,,,,
"垢版
|
0064 ストレッチプラム(兵庫県) [ﾆﾀﾞ] 2025/11/26(水) 13:08:24.21","最近はまずスレタイや記事の内容ではなく
どこのソースなのかを踏まえてから見るべき

これは朝日です",,,,,,ID:3A2zs9qC0,,,,
"垢版
|
0065 キングコングラリアット(新日本) [US] 2025/11/26(水) 13:08:41.14","そもそも台湾の為に日本が武力とかありえないから
高市さんが言ってたのはアメリカ軍が参戦した場合のことだし
どっちにしても後方支援だろ",,,,,,ID:1DzEL+xu0(1/2),,,,
"垢版
|
0066 ファイヤーバードスプラッシュ(光) [DE] 2025/11/26(水) 13:09:08.72",">>2
中国の内政問題に日本が軍事介入するて言うたら中国がキレるに決まってる
おまえはバカか？",,,,>>2,,ID:qeaJYDQj0,1,,,
"垢版
|
0067 ムーンサルトプレス(みょ) [BR] 2025/11/26(水) 13:09:52.58",中国が難癖を付けにきているという解釈でいい,,,,,,ID:S8wSevHo0(1/2),1,,,
"垢版
|
0068 キングコングラリアット(新日本) [US] 2025/11/26(水) 13:10:04.12",">>61
朝日新聞が誤報出したのはわかっている
それを見た大阪領事館が反応したのがきっかけかと
ちなみに朝日新聞はしれっと訂正済み",,,,>>61,,ID:1DzEL+xu0(2/2),,,,
"垢版
|
0069 オリンピック予選スラム(茸) [ﾆﾀﾞ] 2025/11/26(水) 13:10:48.18",>>1そら台湾守るんは台湾人自身やろ、こっちが訳判らんわ,,,,>>1,,ID:iAAPTvwJ0,,,,
"垢版
|
0070 クロスヒールホールド(みかか) [DE] 2025/11/26(水) 13:13:46.26","修正前朝日新聞タイトル「高市首相、台湾有事『存立危機事態になりうる』　認定なら武力行使も」
状況によっては日本が武力行使するかのように報じた
修正後は「高市首相、台湾有事『存立危機事態になりうる』　武力攻撃の発生時」
武力攻撃が行われたら存立危機事態になりうるというだけのタイトルに修正ｗ",,,,,,ID:0AgpTesq0(2/3),1,,,
"垢版
|
0071 ファイヤーバードスプラッシュ(庭) [JP] 2025/11/26(水) 13:14:11.61",">>67
中国国内ですら中国政府の自己欺瞞の精神勝利にしか見えないとか言われてるし中国政府も引けなくなってしまってる",,,,>>67,,ID:ZDz+B07g0(2/2),,,,
"垢版
|
0072 エクスプロイダー(みょ) [US] 2025/11/26(水) 13:14:29.36","そらまあ高市の発言から日本が単独で戦力出すなんて話じゃねえからな。
朝日の嘘見出しベースで語る連中は中国含めて支離滅裂ってこった。",,,,,,ID:i6vSR+Dd0(1/4),,,,
"垢版
|
0073 チキンウィングフェースロック(庭) [CN] 2025/11/26(水) 13:15:01.30","山尾志桜里が説明してたろ
あれ以上でも以下でもない
日本が台湾有事で軍事的に関わるのはいろんな条件が当てはまってその上さらに時の政権が決断した時だけ
条件が揃ってもやらない可能性もある
これを台湾は「分からない」といい中国は「関わるな」と吠えた
中国が大馬鹿なの
台湾はまっとう",,,,,,ID:3alaE7A40,,,,
"垢版
|
0074 急所攻撃(やわらか銀行) [GB] 2025/11/26(水) 13:16:05.38","イザとなったら不沈空母たる日本が台湾の女子供老人は受皿になるしな

東日本大震災の翌日に200億の義援金を授かった恩は忘れないですよ
一つの国だから",,,,,,ID:8UzuWEYj0,,,,
"垢版
|
0075 TEKKAMAKI(福岡県) [ﾆﾀﾞ] 2025/11/26(水) 13:16:22.93",はっきり言ったら怒られたから意味不明にしてるんじゃね,,,,,,ID:xm7dZKjQ0(1/2),1,,,
"垢版
|
0076 河津落とし(庭) [ﾆﾀﾞ] 2025/11/26(水) 13:17:08.39",">>70
修正前もおかしくはないな
存立危機事態認定で武力行使しないのはありえないから当然のこと

修正した理由は知らんが",,,,>>70,,ID:eWCN1Wu60(8/18),2,,,
"垢版
|
0077 サッカーボールキック(ジパング) [CL] 2025/11/26(水) 13:17:14.13",つまりこれで勝手に戦争だと言ってパニクってるのはパヨと中国だけということだな,,,,,,ID:KjUvzY/F0,,,,
"垢版
|
0078 TEKKAMAKI(福岡県) [ﾆﾀﾞ] 2025/11/26(水) 13:17:48.51","岡田：中国が台湾攻めたらどうするん
高市：アメリカに協力しまっせ
岡田：こら！はっきり言うな",,,,,,ID:xm7dZKjQ0(2/2),1,,,
"垢版
|
0079 イス攻撃(京都府) [CN] 2025/11/26(水) 13:18:37.23",">>78
そんなこと言ってねぇw",,,,>>78,,ID:1YMECXuv0(1/3),,,,
"垢版
|
0080 キングコングニードロップ(東京都) [US] 2025/11/26(水) 13:19:30.19",">>76
修正した理由が説明できないって時点でお前は負けてるよ
そこに気づけ",,,,>>76,,ID:zh79Bwfo0,1,,,
"垢版
|
0081 河津落とし(庭) [ﾆﾀﾞ] 2025/11/26(水) 13:19:45.99",">>75
台湾も火消しに協力してくれてるんだろうね",,,,>>75,,ID:eWCN1Wu60(9/18),,,,
"垢版
|
0082 クロスヒールホールド(みかか) [DE] 2025/11/26(水) 13:20:25.32",">>76
三要件満たさないと武力を行使する事態にはならないから存立危機事態イコールではない",,,,>>76,,ID:0AgpTesq0(3/3),1,,,
"垢版
|
0083 河津落とし(庭) [ﾆﾀﾞ] 2025/11/26(水) 13:21:05.55",">>80
じゃ説明できるのかよ
なんで修正したのか",,,,>>80,,ID:eWCN1Wu60(10/18),,,,
"垢版
|
0084 トラースキック(愛知県) [DK] 2025/11/26(水) 13:21:29.49",そんなこと言ってないだろｗ,,,,,,ID:69aBoc4l0,,,,
"垢版
|
0085 ラ ケブラーダ(ジパング) [ﾆﾀﾞ] 2025/11/26(水) 13:22:18.15",">>1
>高市総理の答弁内容から直接、
> 「日本が台湾を防衛する」と解釈するのは難しいという判断を示した

今回の高市の発言から、いま騒がれてるような解釈をするのは難しいって意味だから、
要は「中国は頭おかしいのか？」って事だろwww",,,,>>1,,ID:dk2l0KYv0(1/2),1,,,
"垢版
|
0086 アトミックドロップ(ジパング) [IT] 2025/11/26(水) 13:23:26.49",台湾「などと意味不明であり動機は不明です」,,,,,,ID:+awyeHQ20,,,,
"垢版
|
0087 名無しさん＠涙目です。(庭) [US] 2025/11/26(水) 13:23:27.13",">>85
台湾を防衛にはならない、
これはさすが台湾良く分かってるよね",,,,>>85,,ID:006Th+HU0(1/2),1,,,
"垢版
|
0088 河津落とし(庭) [ﾆﾀﾞ] 2025/11/26(水) 13:23:45.75",">>82
そうだね
まぁ政治的にはイコールだろうが",,,,>>82,,ID:eWCN1Wu60(11/18),,,,
"垢版
|
0089 リバースパワースラム(大阪府) [US] 2025/11/26(水) 13:24:34.68","高市が低脳だから誰が誰にどうしたらとか言えてないだろ。
頭が論理的でないんだろうな。",,,,,,ID:HgXs2u2a0,,,,
"垢版
|
0090 フライングニールキック(庭) [US] 2025/11/26(水) 13:24:38.35",最初からそう答弁してるんだぞ,,,,,,ID:qkQgCXAI0,,,,
"垢版
|
0091 トペ スイシーダ(庭) [US] 2025/11/26(水) 13:24:58.80",">>2
毎度のことながら中国の「キレる」はリアクションとか結果じゃなくて、日本を揺さぶって有利を得るための手段だから、そこは「なぜ」ではつながらんのよ

日本の野党が政権にいつもキレてんのと同じだ",,,,>>2,,ID:ulxcC7Dm0,,,,
"垢版
|
0092 イス攻撃(庭) [DE] 2025/11/26(水) 13:25:14.62","高市は一言も台湾とは言わず曖昧な答弁ばかり言ってたのに
岡田が台湾台湾と連呼して朝日新聞は「武力行使！」なんていうイエロージャーナリズム丸出しな挑発的なタイトルをXに投稿して
その朝日新聞のX投稿を引用して薛剣駐大阪総領事が「斬首してやる」と反応するに至っている
誰が火を点けてんのか言うまでもない",,,,,,ID:Q7Dm9P1e0(1/2),1,,,
"垢版
|
0093 ラ ケブラーダ(ジパング) [ﾆﾀﾞ] 2025/11/26(水) 13:25:38.23",">>87
中国と違って有能な人材の集まりだからw",,,,>>87,,ID:dk2l0KYv0(2/2),,,,
"垢版
|
0094 目潰し(愛知県) [BR] 2025/11/26(水) 13:25:54.36","そもそも台湾を助けに行った密接な国(アメリカ等)が攻撃された時なんだよね
台湾を攻撃されただけでは自衛隊は出ない",,,,,,ID:UymDS/GV0,1,,,
"垢版
|
0095 ファイナルカット(庭) [IT] 2025/11/26(水) 13:30:19.71",スレ立てしてるやつって日本語わかってない？,,,,,,ID:triEc1KX0,,,,
"垢版
|
0096 河津落とし(庭) [ﾆﾀﾞ] 2025/11/26(水) 13:30:40.39",">>92
火がつくと分かってるなら答えるなよ
質問した人がいて、答えた人がいて、質問した人のせいにする思考回路は本当に分からん",,,,>>92,,ID:eWCN1Wu60(12/18),1,,,
"垢版
|
0097 垂直落下式DDT(庭) [JP] 2025/11/26(水) 13:31:05.72",">>94
日本は戦争できない
これが9条だから全部アメリカ次第",,,,>>94,,ID:+nEupWiN0,,,,
"垢版
|
0098 スパイダージャーマン(石川県) [GE] 2025/11/26(水) 13:31:07.53",日本人の俺もわからないから,,,,,,ID:ffaS0va90,,,,
"垢版
|
0099 ダブルニードロップ(京都府) [BR] 2025/11/26(水) 13:31:34.08","トランプ高市との異例の電話会談わずか25分だけ通訳入れたら実質10分程度。やはり一方的にぶちまけ怒りのガチャ切りだった模様 [709039863]
https://greta.5ch.ne.../poverty/1764129291/",,,https://greta.5ch.net/test/read.cgi/poverty/1764129291/,https://greta.5ch.ne.../poverty/1764129291/,,ID:EtPfsOUh0,,,,
"垢版
|
0100 16文キック(長野県) [US] 2025/11/26(水) 13:33:17.83","台湾からも
見放されたら
何の為だったの…",,,,,,ID:IpAoOI4W0,2,,,
"垢版
|
0101 キングコングラリアット(神奈川県) [ﾆﾀﾞ] 2025/11/26(水) 13:35:09.18",意味不明とあいまいはかなり意味が違うだろ,,,,,,ID:8iNwOTLY0,,https://itest.5ch.net/hayabusa9/test/read.cgi/news/1764128020#,,
"垢版
|
0102 イス攻撃(庭) [DE] 2025/11/26(水) 13:36:30.22",">>96
日本のマスコミがここまでイエロージャーナリズムに染まって
そのイエロージャーナリズムにまんまと引っかかって斬首してやるなんて言ってくる総領事がいることなんて誰も想像できないだろ",,,,>>96,,ID:Q7Dm9P1e0(2/2),,https://itest.5ch.net/hayabusa9/test/read.cgi/news/1764128020#,,
"垢版
|
0103 アンクルホールド(東京都) [US] 2025/11/26(水) 13:37:20.70",">>29
馬鹿がいきなり発狂して面倒臭いからな",,,,>>29,,ID:0feRn2Kq0,1,https://itest.5ch.net/hayabusa9/test/read.cgi/news/1764128020#,https://itest.5ch.net/hayabusa9/test/read.cgi/news/1764128020#,
"垢版
|
0104 エクスプロイダー(茸) [FR] 2025/11/26(水) 13:39:47.67","事後対処法が定義する「存立危機事態」とは、
わが国と密接な関係にある他国に対する武力攻撃が発生し、これによりわが国の存立が脅かされ、国民の生命、自由及び幸福追求の権利が根底から覆される明白な危険がある事態で

高市早苗は

台湾有事がエスカレートして

わが国と密接な関係にある他国に対する武力攻撃が発生し、これによりわが国の存立が脅かされ、国民の生命、自由及び幸福追求の権利が根底から覆される明白な危険がある事態だと政府が総合的に判断すれば存立危機事態です

って言っただけ

法律を読んだだけじゃねーかって話なんだがｗ",,,,,,ID:eQMjiZPI0,,https://itest.5ch.net/hayabusa9/test/read.cgi/news/1764128020#,,
"垢版
|
0105 スパイダージャーマン(庭) [CN] 2025/11/26(水) 13:40:23.08",＼(^o^)／ｵﾜﾀ,,,,,,ID:aMcRyHVy0,,https://itest.5ch.net/hayabusa9/test/read.cgi/news/1764128020#,,
"垢版
|
0106 稲妻レッグラリアット(庭) [EU] 2025/11/26(水) 13:41:02.70","最初からそう言ってるじゃん
戦争と揉め事だいすき朝日新聞が理解力ないアホを釣るのに煽りたててまんまと釣られた中国外交官が首きる発言しちゃってさ",,,,,,ID:x/VYV4rw0,,https://itest.5ch.net/hayabusa9/test/read.cgi/news/1764128020#,,
"垢版
|
0107 ウエスタンラリアット(兵庫県) [US] 2025/11/26(水) 13:41:25.19",">>100
カスウヨの歓心を買う為だYo!",,,,>>100,,ID:xu2OEgAs0,,https://itest.5ch.net/hayabusa9/test/read.cgi/news/1764128020#,,
"垢版
|
0108 アキレス腱固め(庭) [US] 2025/11/26(水) 13:41:29.34",">>100
これで「見放された」って
読んじゃうとは
中々残念な読解力…",,,,>>100,,ID:+i+H4YfA0,,https://itest.5ch.net/hayabusa9/test/read.cgi/news/1764128020#,,
"垢版
|
0109 超竜ボム(ジパング) [JP] 2025/11/26(水) 13:42:30.92","日本に台湾を守る能力は無いしな
あくまでも米軍を支えるだけ",,,,,,ID:rca9cMKs0,,https://itest.5ch.net/hayabusa9/test/read.cgi/news/1764128020#,,
"垢版
|
0110 トペ スイシーダ(庭) [TW] 2025/11/26(水) 13:42:57.41",そもそも台湾が中華民国の名前捨てて大陸の領土の主張やめないんだから解決しない,,,,,,ID:4d5iel3j0(1/2),,https://itest.5ch.net/hayabusa9/test/read.cgi/news/1764128020#,,
"垢版
|
0111 パロスペシャル(庭) [BR] 2025/11/26(水) 13:43:20.58",">>3
ていうか朝日新聞が武力介入する的な誤報やって、問題ななってからサイレント修正したとか見たよ",,,,>>3,,ID:/FzgLlmG0,1,https://itest.5ch.net/hayabusa9/test/read.cgi/news/1764128020#,https://itest.5ch.net/hayabusa9/test/read.cgi/news/1764128020#,
"垢版
|
0112 ナガタロックII(神奈川県) [IE] 2025/11/26(水) 13:45:56.61",朝日の記事のせい,,,,,,ID:y3/glAja0,,https://itest.5ch.net/hayabusa9/test/read.cgi/news/1764128020#,,
"垢版
|
0113 ジャンピングエルボーアタック(庭) [US] 2025/11/26(水) 13:47:35.55","最初から台湾に加勢するとは言ってない
自衛するだけ",,,,,,ID:ebQlJ1Mn0,,https://itest.5ch.net/hayabusa9/test/read.cgi/news/1764128020#,,
"垢版
|
0114 ドラゴンスリーパー(庭) [ﾆﾀﾞ] 2025/11/26(水) 13:47:38.58",">>1
お前の脳内が意味不明",,,,>>1,,ID:codJ2d0u0,,https://itest.5ch.net/hayabusa9/test/read.cgi/news/1764128020#,,
"垢版
|
0115 ドラゴンスープレックス(北海道) [CA] 2025/11/26(水) 13:47:59.82",そもそも同盟関係でもない台湾相手に集団的自衛権は行使できない,,,,,,ID:igNv6pRH0,,https://itest.5ch.net/hayabusa9/test/read.cgi/news/1764128020#,,
"垢版
|
0116 河津落とし(庭) [ﾆﾀﾞ] 2025/11/26(水) 13:48:42.42",">>111
誤報？
存立危機事態なのに集団的自衛権行使しないのか？

なんかもう朝日新聞の方がまともだな",,,,>>111,,ID:eWCN1Wu60(13/18),1,https://itest.5ch.net/hayabusa9/test/read.cgi/news/1764128020#,https://itest.5ch.net/hayabusa9/test/read.cgi/news/1764128020#,
"垢版
|
0117 アイアンクロー(やわらか銀行) [JP] 2025/11/26(水) 13:48:49.55","台湾のほうがよっぽど客観的に分析できてるな
別に、台湾攻撃したら許さん日本が武力で守る！なんて言ってないからな",,,,,,ID:cFyMR+yj0,,https://itest.5ch.net/hayabusa9/test/read.cgi/news/1764128020#,,
"垢版
|
0118 マスク剥ぎ(ジパング) [ﾆﾀﾞ] 2025/11/26(水) 13:49:01.85","普通に解釈すればこの結論になる
首を切るとか言い出した総領事の頭がおかしいだけ",,,,,,ID:NbGHGw7O0,,https://itest.5ch.net/hayabusa9/test/read.cgi/news/1764128020#,,
"垢版
|
0119 レッドインク(新日本) [US] 2025/11/26(水) 13:49:48.04","バカ市だからしゃーない
つい言い過ぎたアホ
ぴょんぴょんクネクネニヤニヤキョロキョロ壺謝ったら死ぬおばさん",,,,,,ID:Ak6Yd2Tu0,3,https://itest.5ch.net/hayabusa9/test/read.cgi/news/1764128020#,https://itest.5ch.net/hayabusa9/test/read.cgi/news/1764128020#,
"垢版
|
0120 キングコングニードロップ(庭) [ﾆﾀﾞ] 2025/11/26(水) 13:52:22.68",切り取り記事を判断材料にすんなて,,,,,,ID:1f90r6Cw0,,https://itest.5ch.net/hayabusa9/test/read.cgi/news/1764128020#,,
"垢版
|
0121 ビッグブーツ(東京都) [ﾆﾀﾞ] 2025/11/26(水) 13:52:47.80",中国　日本観光自粛　静かに成りました有難う,,,,,,ID:AA/JrIgf0,,https://itest.5ch.net/hayabusa9/test/read.cgi/news/1764128020#,,
"垢版
|
0122 イス攻撃(京都府) [CN] 2025/11/26(水) 13:52:58.26",">>116
誤報だよ
存立危機自体＝武力行使じゃない",,,,>>116,,ID:1YMECXuv0(2/3),1,https://itest.5ch.net/hayabusa9/test/read.cgi/news/1764128020#,https://itest.5ch.net/hayabusa9/test/read.cgi/news/1764128020#,
"垢版
|
0123 イス攻撃(京都府) [CN] 2025/11/26(水) 13:53:45.19",">>119
スレタイしか見てないバカ",,,,>>119,,ID:1YMECXuv0(3/3),2,https://itest.5ch.net/hayabusa9/test/read.cgi/news/1764128020#,https://itest.5ch.net/hayabusa9/test/read.cgi/news/1764128020#,
"垢版
|
0124 河津掛け(庭) [ﾆﾀﾞ] 2025/11/26(水) 13:54:10.12","台湾としても迷惑な話だよな
自衛隊が武力介入するとか言われても困るだろw",,,,,,ID:Mikioqcf0(1/2),1,https://itest.5ch.net/hayabusa9/test/read.cgi/news/1764128020#,https://itest.5ch.net/hayabusa9/test/read.cgi/news/1764128020#,
"垢版
|
0125 河津落とし(庭) [ﾆﾀﾞ] 2025/11/26(水) 13:54:30.11",">>122
朝日はイコールと報じてない
誤報というのがデマ",,,,>>122,,ID:eWCN1Wu60(14/18),,https://itest.5ch.net/hayabusa9/test/read.cgi/news/1764128020#,,
"垢版
|
0126 トペ スイシーダ(庭) [TW] 2025/11/26(水) 13:55:31.17",">>124
はっきりと助けると明言してくれという記事だがな",,,,>>124,,ID:4d5iel3j0(2/2),1,https://itest.5ch.net/hayabusa9/test/read.cgi/news/1764128020#,https://itest.5ch.net/hayabusa9/test/read.cgi/news/1764128020#,
"垢版
|
0127 エメラルドフロウジョン(庭) [CN] 2025/11/26(水) 13:56:34.95",中国から日本への「水産物の輸入停止」をめぐり、外務省内部に、共同通信の報道への不信感や反発が渦巻いていることが「週刊文春」の取材で分かった。,,,,,,ID:nIrBpF/w0,,https://itest.5ch.net/hayabusa9/test/read.cgi/news/1764128020#,,
"垢版
|
0128 ダイビングエルボードロップ(みかか) [EU] 2025/11/26(水) 13:59:44.45",キレてる中国人がアホ,,,,,,ID:Bcvi8D9T0,,https://itest.5ch.net/hayabusa9/test/read.cgi/news/1764128020#,,
"垢版
|
0129 エクスプロイダー(みょ) [US] 2025/11/26(水) 14:02:22.48",">>123
セッケンの陥った罠の実例になってくれてんだから赤くしてあげねえとだな。
なあ>>119よ。",,,,>>119,,ID:i6vSR+Dd0(2/4),,https://itest.5ch.net/hayabusa9/test/read.cgi/news/1764128020#,,>>123
"垢版
|
0130 TEKKAMAKI(庭) [ﾆﾀﾞ] 2025/11/26(水) 14:02:32.26","パヨは本気で朝日の最初の見出しと中国大使の発狂だけしか見てなかった可能性あるな
そして情報書き換え機能もないw",,,,,,ID:wjgQk3VZ0,1,https://itest.5ch.net/hayabusa9/test/read.cgi/news/1764128020#,https://itest.5ch.net/hayabusa9/test/read.cgi/news/1764128020#,
"垢版
|
0131 河津落とし(庭) [ﾆﾀﾞ] 2025/11/26(水) 14:05:38.82",">>130
朝日の見出しのどこが問題？",,,,>>130,,ID:eWCN1Wu60(15/18),1,https://itest.5ch.net/hayabusa9/test/read.cgi/news/1764128020#,https://itest.5ch.net/hayabusa9/test/read.cgi/news/1764128020#,
"垢版
|
0132 マスク剥ぎ(千葉県) [FI] 2025/11/26(水) 14:05:53.17",中国はtiktokのショート動画メインで対外政策決めてんのかね？,,,,,,ID:j8GMtFVy0,,https://itest.5ch.net/hayabusa9/test/read.cgi/news/1764128020#,,
"垢版
|
0133 河津掛け(庭) [ﾆﾀﾞ] 2025/11/26(水) 14:07:31.16",">>126
存立危機事態て台湾を守んじゃなくて、日本を守るのが目的だからな",,,,>>126,,ID:Mikioqcf0(2/2),,https://itest.5ch.net/hayabusa9/test/read.cgi/news/1764128020#,,
"垢版
|
0134 フェイスロック(みょ) [US] 2025/11/26(水) 14:08:14.28",ネトウヨ脱糞,,,,,,ID:m+rXpR9v0(1/2),,https://itest.5ch.net/hayabusa9/test/read.cgi/news/1764128020#,,
"垢版
|
0135 トペ スイシーダ(茸) [US] 2025/11/26(水) 14:09:10.69",">>8
バカが読むとスレタイになる",,,,>>8,,ID:EmJ/MdVQ0,,https://itest.5ch.net/hayabusa9/test/read.cgi/news/1764128020#,,
"垢版
|
0136 エクスプロイダー(みょ) [US] 2025/11/26(水) 14:09:31.05",">>131
「日本が武力行使」するニュアンスだな。まあパヨチン煽動ヘッドラインに憤青が引っかかったわけだｗ",,,,>>131,,ID:i6vSR+Dd0(3/4),1,https://itest.5ch.net/hayabusa9/test/read.cgi/news/1764128020#,https://itest.5ch.net/hayabusa9/test/read.cgi/news/1764128020#,
"垢版
|
0137 エメラルドフロウジョン(東京都) [HK] 2025/11/26(水) 14:10:58.89",中国が三流国と言うことだけは分かった。,,,,,,ID:rvj1CxBR0,,https://itest.5ch.net/hayabusa9/test/read.cgi/news/1764128020#,,
"垢版
|
0138 フェイスロック(みょ) [US] 2025/11/26(水) 14:11:41.27",どっちもシナチクだからｗ,,,,,,ID:m+rXpR9v0(2/2),,https://itest.5ch.net/hayabusa9/test/read.cgi/news/1764128020#,,
"垢版
|
0139 河津落とし(庭) [ﾆﾀﾞ] 2025/11/26(水) 14:12:52.47",">>136
存立危機事態認定したら武力行使するに決まってんじゃん
どの部分が煽動なんだよ",,,,>>136,,ID:eWCN1Wu60(16/18),,https://itest.5ch.net/hayabusa9/test/read.cgi/news/1764128020#,,
"垢版
|
0140 フライングニールキック(みかか) [US] 2025/11/26(水) 14:13:18.38",">>2
中共のプレイを数ターン遅らせる予防的一手だからだろう",,,,>>2,,ID:f91igsmD0,,https://itest.5ch.net/hayabusa9/test/read.cgi/news/1764128020#,,
"垢版
|
0141 ダブルニードロップ(茨城県) [ﾆﾀﾞ] 2025/11/26(水) 14:13:25.55",あくまで米軍が参戦した場合に集団的自衛権行使すると言うだけの話,,,,,,ID:WXy2S+g80,,https://itest.5ch.net/hayabusa9/test/read.cgi/news/1764128020#,,
"垢版
|
0142 イス攻撃(やわらか銀行) [BR] 2025/11/26(水) 14:13:26.04",ネトウヨの言ってることも意味不明,,,,,,ID:5hcVa/WA0,1,https://itest.5ch.net/hayabusa9/test/read.cgi/news/1764128020#,https://itest.5ch.net/hayabusa9/test/read.cgi/news/1764128020#,
"垢版
|
0143 エクスプロイダー(みょ) [US] 2025/11/26(水) 14:19:55.01","「中国の」武力行使ってのを高市が使ったら応答で岡田が「日本が」武力行使に付け替えちまった。朝日はそれ拾ったんだな。
そして総領事が釣れてご覧の有様だｗ",,,,,,ID:i6vSR+Dd0(4/4),,https://itest.5ch.net/hayabusa9/test/read.cgi/news/1764128020#,,
"垢版
|
0144 ジャストフェイスロック(ジパング) [US] 2025/11/26(水) 14:20:25.20",">>17
そんなことは一言もいってない",,,,>>17,,ID:khSbqyzF0,,https://itest.5ch.net/hayabusa9/test/read.cgi/news/1764128020#,,
"垢版
|
0145 ダイビングエルボードロップ(兵庫県) [ﾆﾀﾞ] 2025/11/26(水) 14:21:51.02",つまり中国が超バカってこと,,,,,,ID:LAJ7NrNU0,,https://itest.5ch.net/hayabusa9/test/read.cgi/news/1764128020#,,
"垢版
|
0146 不知火(庭) [ﾆﾀﾞ] 2025/11/26(水) 14:22:37.93",まーたスレマイ・タイ誘導,,,,,,ID:RLBsbLpq0,,https://itest.5ch.net/hayabusa9/test/read.cgi/news/1764128020#,,
"垢版
|
0147 グロリア(庭) [US] 2025/11/26(水) 14:23:16.16",>>1のどこをどう読んだら「高市の言ってることは意味不明」というスレタイなるのか、まさに意味不明,,,,>>1,,ID:U5IIxav40,,https://itest.5ch.net/hayabusa9/test/read.cgi/news/1764128020#,,
"垢版
|
0148 キドクラッチ(茸) [US] 2025/11/26(水) 14:23:21.40",">>142
これまで誰からも理解されず、ずっと生きづらい人生送って来たんだろうね
れいわ共産社民に行けばおともだちがいっぱい出来るよ",,,,>>142,,ID:W3mRcRZS0,,https://itest.5ch.net/hayabusa9/test/read.cgi/news/1764128020#,,
"垢版
|
0149 フランケンシュタイナー(ジパング) [TW] 2025/11/26(水) 14:24:06.98",これ台湾外交部がこう言ってるから中国に一切関与しないっていえるじゃん,,,,,,ID:zCxfRcoO0,,https://itest.5ch.net/hayabusa9/test/read.cgi/news/1764128020#,,
"垢版
|
0150 頭突き(茸) [US] 2025/11/26(水) 14:26:32.82","そりゃ高市は台湾で米中が戦争になったら米に援軍送るってんだから
直接台湾を助けるったわけじゃないからな
そろそろ台湾と結んでウイグルチベットモンゴルと結んで中凶包囲網を作るべき
満州族はもうあてにならんかな",,,,,,ID:zSe6J1R30,,https://itest.5ch.net/hayabusa9/test/read.cgi/news/1764128020#,,
"垢版
|
0151 ファイナルカット(庭) [ﾆﾀﾞ] 2025/11/26(水) 14:26:37.62",日本近郊で中国が米軍を攻撃したらと言う話なんだがw,,,,,,ID:pJWj0uWR0,,https://itest.5ch.net/hayabusa9/test/read.cgi/news/1764128020#,,
"垢版
|
0152 ムーンサルトプレス(茸) [CN] 2025/11/26(水) 14:27:53.51",">>21
独立はしてない。一つの中国との建前は台湾も同じ。",,,,>>21,,ID:++Yzsyu00,,https://itest.5ch.net/hayabusa9/test/read.cgi/news/1764128020#,,
"垢版
|
0153 ネックハンギングツリー(みかか) [ﾆﾀﾞ] 2025/11/26(水) 14:29:41.25","またソース先が朝日新聞か
こいつら捏造大好き反日だから読む気が失せる",,,,,,ID:7ECycHBe0,,https://itest.5ch.net/hayabusa9/test/read.cgi/news/1764128020#,,
"垢版
|
0154 ドラゴンスープレックス(茸) [ﾆﾀﾞ] 2025/11/26(水) 14:31:18.20","意訳
台湾｢日本が直接介入するって解釈にはならないんすけどなんで中国キレてんすか(笑)｣",,,,,,ID:6mlCVH9N0,1,https://itest.5ch.net/hayabusa9/test/read.cgi/news/1764128020#,https://itest.5ch.net/hayabusa9/test/read.cgi/news/1764128020#,
"垢版
|
0155 ジャンピングエルボーアタック(神奈川県) [JP] 2025/11/26(水) 14:32:00.68",">>154
これな",,,,>>154,,ID:rjNOw+cE0,,https://itest.5ch.net/hayabusa9/test/read.cgi/news/1764128020#,,
"垢版
|
0156 パイルドライバー(庭) [ﾇｺ] 2025/11/26(水) 14:32:44.92","いや誰も台湾を守るなんて言ってねえよ
日本の危機だって言ってるだけ",,,,,,ID:j9Anqv7Y0,,https://itest.5ch.net/hayabusa9/test/read.cgi/news/1764128020#,,
"垢版
|
0157 ブラディサンデー(茸) [ﾆﾀﾞ] 2025/11/26(水) 14:32:49.13",">>1
ソース読めないのにスレ立てした馬鹿",,,,>>1,,ID:gzqH5Lvd0(1/4),,https://itest.5ch.net/hayabusa9/test/read.cgi/news/1764128020#,,
"垢版
|
0158 名無しさん＠涙目です。(兵庫県) [ES] 2025/11/26(水) 14:34:29.65",">>2
高いちをやめさせたいんだろ
公明党の連立離脱から もう 定まっている路線",,,,>>2,,ID:fEPCVn9i0,,https://itest.5ch.net/hayabusa9/test/read.cgi/news/1764128020#,,
"垢版
|
0159 かかと落とし(神奈川県) [US] 2025/11/26(水) 14:35:10.15",">>2
そもそも高市が気に食わないから
きっかけを探してただけ",,,,>>2,,ID:Msg8eZ850,,https://itest.5ch.net/hayabusa9/test/read.cgi/news/1764128020#,,
"垢版
|
0160 16文キック(庭) [CA] 2025/11/26(水) 14:37:00.59","台湾は最大限身を呈して気を遣った発言なんだろうな
あえて余計なことも言わないしなんていい国なんだ",,,,,,ID:eecEV3kG0,1,https://itest.5ch.net/hayabusa9/test/read.cgi/news/1764128020#,https://itest.5ch.net/hayabusa9/test/read.cgi/news/1764128020#,
"垢版
|
0161 エクスプロイダー(庭) [US] 2025/11/26(水) 14:37:01.30","トランプからハシゴ外され
台湾からハシゴ外され
EUからハシゴ外され
オーストラリアから外され
ミャンマーから外され

高市は一体いくつハシゴ持ってんだよwww",,,,,,ID:xBTOcxT20,1,https://itest.5ch.net/hayabusa9/test/read.cgi/news/1764128020#,https://itest.5ch.net/hayabusa9/test/read.cgi/news/1764128020#,
"垢版
|
0162 ストマッククロー(東京都) [ﾆﾀﾞ] 2025/11/26(水) 14:38:43.91",">>1
今回の中共ヤクザの
日本や高市に対する言動は常軌を逸している
中共ヤクザが、真摯に誠意を持って
日本及び高市に謝罪しなければ
決して中共ヤクザを許してはならない",,,,>>1,,ID:GvEMEnyJ0,,https://itest.5ch.net/hayabusa9/test/read.cgi/news/1764128020#,,
"垢版
|
0163 トペ コンヒーロ(茸) [CN] 2025/11/26(水) 14:38:46.04",">>1
お前がバカだということはよくわかった",,,,>>1,,ID:PdStU7Ir0,,https://itest.5ch.net/hayabusa9/test/read.cgi/news/1764128020#,,
"垢版
|
0164 サソリ固め(庭) [ﾆﾀﾞ] 2025/11/26(水) 14:40:08.95","お前らさ
Xでこれだけ外国から対立煽りする工作あるって判明したのにまだこういう対立煽りスレでマジレスしてんの？
学習能力ないって致命的欠陥やんけ
ネットやんな無能ども",,,,,,ID:CmhCGqRW0(1/2),1,https://itest.5ch.net/hayabusa9/test/read.cgi/news/1764128020#,https://itest.5ch.net/hayabusa9/test/read.cgi/news/1764128020#,
"垢版
|
0165 タイガードライバー(大阪府) [JP] 2025/11/26(水) 14:42:44.26",">>1
↑
スレタイで記事内容を捻じ曲げてるんで五毛決定
コイツを永久追放しろ",,,,>>1,,ID:foXk+5aB0(1/2),,https://itest.5ch.net/hayabusa9/test/read.cgi/news/1764128020#,,
"垢版
|
0166 タイガードライバー(大阪府) [JP] 2025/11/26(水) 14:43:27.05",">>161
それぜんぶ中国の敵やん
認知歪みすぎやろ

オマエには脳みそと目あるの？w",,,,>>161,,ID:foXk+5aB0(2/2),,https://itest.5ch.net/hayabusa9/test/read.cgi/news/1764128020#,,
"垢版
|
0167 アイアンクロー(茸) [NL] 2025/11/26(水) 14:44:39.58",">>1
台湾外交部は高市の発言を理解してるだろw",,,,>>1,,ID:57+cRPK+0,,https://itest.5ch.net/hayabusa9/test/read.cgi/news/1764128020#,,
"垢版
|
0168 ミドルキック(庭) [ﾆﾀﾞ] 2025/11/26(水) 14:52:13.36",">>164
つ鏡",,,,>>164,,ID:ydp+ARiX0,1,https://itest.5ch.net/hayabusa9/test/read.cgi/news/1764128020#,https://itest.5ch.net/hayabusa9/test/read.cgi/news/1764128020#,
"垢版
|
0169 ダイビングエルボードロップ(庭) [GB] 2025/11/26(水) 14:53:14.76","でしょでしょ
日本国民もみんな高市の言ってることなんか意味不明で全く理解できないんですよ
あれは極右が起こしがちな発作みたいなものです",,,,,,ID:Uc/PAqOb0,,https://itest.5ch.net/hayabusa9/test/read.cgi/news/1764128020#,,
"垢版
|
0170 ファルコンアロー(愛知県) [DE] 2025/11/26(水) 14:54:26.75",共通の敵を思い出させ1つの中国になるチャンスを与えられたな,,,,,,ID:Eckou/mZ0(1/2),,https://itest.5ch.net/hayabusa9/test/read.cgi/news/1764128020#,,
"垢版
|
0171 魔神風車固め(ジパング) [ﾆﾀﾞ] 2025/11/26(水) 14:55:00.92",確かに国と認めてるか認めてないかまずそこから始まる問題だからな,,,,,,ID:YMBa/1g20,,https://itest.5ch.net/hayabusa9/test/read.cgi/news/1764128020#,,
"垢版
|
0172 河津落とし(庭) [ﾆﾀﾞ] 2025/11/26(水) 14:55:19.51",">>160
台湾も緊張をエスカレートさせたくはないしな",,,,>>160,,ID:eWCN1Wu60(17/18),,https://itest.5ch.net/hayabusa9/test/read.cgi/news/1764128020#,,
"垢版
|
0173 スターダストプレス(神奈川県) [ﾆﾀﾞ] 2025/11/26(水) 14:57:33.48",">>2
中国が北方領土に言及したら日本キレるだろ
それと同じ",,,,>>2,,ID:rdxy9hBS0,3,https://itest.5ch.net/hayabusa9/test/read.cgi/news/1764128020#,https://itest.5ch.net/hayabusa9/test/read.cgi/news/1764128020#,
"垢版
|
0174 チキンウィングフェースロック(東京都) [ﾆﾀﾞ] 2025/11/26(水) 14:58:30.13","スレ立て人、
あまりにも５チャンネルの人間の知能をバカにしすぎｗ",,,,,,ID:aasuIidA0(1/2),,https://itest.5ch.net/hayabusa9/test/read.cgi/news/1764128020#,,
"垢版
|
0175 ブラディサンデー(茸) [ﾆﾀﾞ] 2025/11/26(水) 14:59:31.64",">>173
抗議はしても
習近平の首を斬るなんて殺害予告は普通しないし、外交官がそんな発言勝手にしたら本国召還して処罰するけど？",,,,>>173,,ID:gzqH5Lvd0(2/4),,https://itest.5ch.net/hayabusa9/test/read.cgi/news/1764128020#,,
"垢版
|
0176 チキンウィングフェースロック(東京都) [ﾆﾀﾞ] 2025/11/26(水) 15:01:18.63","高市は台湾を守るとは言ってない
台湾の有事に介入した米軍を助ける可能性があると言っただけ
というかその法律がそうなっている",,,,,,ID:aasuIidA0(2/2),,https://itest.5ch.net/hayabusa9/test/read.cgi/news/1764128020#,,
"垢版
|
0177 ニールキック(茸) [MY] 2025/11/26(水) 15:04:25.01",">>173
日本が北方領土奪回のためにロシアと戦闘行為になった場合
中国の法律ではロシアに協力する可能性があると言ったとして
日本人はアホかとは思っても怒りはしないよ",,,,>>173,,ID:33wdo19I0(2/3),1,https://itest.5ch.net/hayabusa9/test/read.cgi/news/1764128020#,https://itest.5ch.net/hayabusa9/test/read.cgi/news/1764128020#,
"垢版
|
0178 ジャンピングDDT(やわらか銀行) [US] 2025/11/26(水) 15:09:59.88",支那による工作が日本の比じゃないレベルで酷い台湾,,,,,,ID:D41QfBR30,,https://itest.5ch.net/hayabusa9/test/read.cgi/news/1764128020#,,
"垢版
|
0179 イス攻撃(庭) [ﾆﾀﾞ] 2025/11/26(水) 15:10:12.94",ジャスコの前提からしておかしいからな,,,,,,ID:8TthbKuW0,,https://itest.5ch.net/hayabusa9/test/read.cgi/news/1764128020#,,
"垢版
|
0180 腕ひしぎ十字固め(庭) [US] 2025/11/26(水) 15:10:25.02",">>2
高市だと都合悪いから

なお「俺が連立降りたら困るやろなあ高市降ろし始まるやろなあ」と自爆した公明党と同様
「中国がキレしたら日本人困るやろなあ高市降ろし始まるやろなあ」との期待とは裏腹の結果となって
どこもかしこも発狂しとる",,,,>>2,,ID:Dz9EORFA0,,https://itest.5ch.net/hayabusa9/test/read.cgi/news/1764128020#,,
"垢版
|
0181 河津落とし(庭) [ﾆﾀﾞ] 2025/11/26(水) 15:11:25.34",">>177
状況が全く違うだろ
中国は台湾統一を明言、武力行使も否定してない、やる気満々
高市は「中国がもしやったら…」と喧嘩を売った",,,,>>177,,ID:eWCN1Wu60(18/18),2,https://itest.5ch.net/hayabusa9/test/read.cgi/news/1764128020#,https://itest.5ch.net/hayabusa9/test/read.cgi/news/1764128020#,
"垢版
|
0182 スパイダージャーマン(兵庫県) [JP] 2025/11/26(水) 15:11:49.45",高市は精神疾患だったって事で何とか穏便に済まないかな,,,,,,ID:Bsn4Rx5t0(2/2),,https://itest.5ch.net/hayabusa9/test/read.cgi/news/1764128020#,,
"垢版
|
0183 ボ ラギノール(ジパング) [US] 2025/11/26(水) 15:11:58.69",">>123
薛剣、タイトルに騙されてまたイキってんのかw",,,,,,ID:E0nQ7nxm0,,https://itest.5ch.net/hayabusa9/test/read.cgi/news/1764128020#,,>>123
"垢版
|
0184 かかと落とし(岐阜県) [US] 2025/11/26(水) 15:12:37.21",いや日本有事なんだから直接防衛するだろ,,,,,,ID:X1GsBXiJ0(1/5),,https://itest.5ch.net/hayabusa9/test/read.cgi/news/1764128020#,,
"垢版
|
0185 キングコングニードロップ(やわらか銀行) [ES] 2025/11/26(水) 15:15:56.38",狐憑きの高市を徐霊しないかんね,,,,,,ID:DZGmW7Ly0,,https://itest.5ch.net/hayabusa9/test/read.cgi/news/1764128020#,,
"垢版
|
0186 ドラゴンスープレックス(やわらか銀行) [GB] 2025/11/26(水) 15:16:21.71",台湾は関係ないからな 尖閣 に来そうだから防衛するって言ってるだけで,,,,,,ID:8SNnmFgn0,2,https://itest.5ch.net/hayabusa9/test/read.cgi/news/1764128020#,https://itest.5ch.net/hayabusa9/test/read.cgi/news/1764128020#,
"垢版
|
0187 ブラディサンデー(茸) [ﾆﾀﾞ] 2025/11/26(水) 15:16:55.58",">>119
日本語読めない馬鹿がこうして釣られる訳かw",,,,>>119,,ID:gzqH5Lvd0(3/4),,https://itest.5ch.net/hayabusa9/test/read.cgi/news/1764128020#,,
"垢版
|
0188 ブラディサンデー(茸) [ﾆﾀﾞ] 2025/11/26(水) 15:19:48.48",">>181
違いますw
捏造辞めて貰って良いですか?",,,,>>181,,ID:gzqH5Lvd0(4/4),,https://itest.5ch.net/hayabusa9/test/read.cgi/news/1764128020#,,
"垢版
|
0189 エルボードロップ(東京都) [ID] 2025/11/26(水) 15:19:51.52",尖閣は台湾じゃない日本領ですの一言で済むんですけど,,,,,,ID:RK588PPU0,,https://itest.5ch.net/hayabusa9/test/read.cgi/news/1764128020#,,
"垢版
|
0190 かかと落とし(岐阜県) [US] 2025/11/26(水) 15:27:02.59",">>186
中華民国、「釣魚島は中国の領土」",,,,>>186,,ID:X1GsBXiJ0(2/5),,https://itest.5ch.net/hayabusa9/test/read.cgi/news/1764128020#,,
"垢版
|
0191 ニールキック(茸) [MY] 2025/11/26(水) 15:27:04.80",">>181
状況が違うし北方領土がーと言っても例えにはなりませんな",,,,>>181,,ID:33wdo19I0(3/3),,https://itest.5ch.net/hayabusa9/test/read.cgi/news/1764128020#,,
"垢版
|
0192 ジャンピングパワーボム(やわらか銀行) [NL] 2025/11/26(水) 15:50:15.60",正直、台湾もムダに面倒に巻き込まれたと思ってるだろうな,,,,,,ID:7l4e5kkS0,,https://itest.5ch.net/hayabusa9/test/read.cgi/news/1764128020#,,
"垢版
|
0193 ブラディサンデー(東京都) [CN] 2025/11/26(水) 15:50:56.28",">>1
クソスレ立てる暇があったら、小学校から勉強やり直せ
一体どう間違った解釈したら、このクソスレのタイトルになるんだ
〈終了〉",,,,>>1,,ID:58DqPs880,,https://itest.5ch.net/hayabusa9/test/read.cgi/news/1764128020#,,
"垢版
|
0194 グロリア(愛知県) [US] 2025/11/26(水) 16:06:09.99",>>1が意味不明www,,,,>>1,,ID:0RaQCZBi0,,https://itest.5ch.net/hayabusa9/test/read.cgi/news/1764128020#,,
"垢版
|
0195 フランケンシュタイナー(兵庫県) [ﾆﾀﾞ] 2025/11/26(水) 16:06:31.32",">>186
1947年中華民国が十一段線を発表。南シナ海全域の領有を宣言
1953年中華人民共和国がベトナム戦争中のトンキン湾付近の点線2つを除去し九段線を宣言

1971年6月中華民国が尖閣諸島の領有を宣言
1971年12月中華人民共和国が尖閣諸島の領有を宣言

チベットもウイグルも南沙諸島も尖閣も中華民国が言い出しっぺ",,,,>>186,,ID:OjOV4L7u0,,https://itest.5ch.net/hayabusa9/test/read.cgi/news/1764128020#,,
"垢版
|
0196 テキサスクローバーホールド(茸) [US] 2025/11/26(水) 16:08:34.89",">>1
本性出たんじゃね。台湾と中国は一つの中国だとトランプが言ってた通り(´･ω･`)よくここまで言わせることに誘導できたな、やっぱ狡猾ジジイだわトランプ。伊達に年食ってねえ(´･ω･`)b",,,,>>1,,ID:5C4FP8kc0,1,https://itest.5ch.net/hayabusa9/test/read.cgi/news/1764128020#,https://itest.5ch.net/hayabusa9/test/read.cgi/news/1764128020#,
"垢版
|
0197 ファルコンアロー(愛知県) [DE] 2025/11/26(水) 16:11:52.26",">>196
だから一つの中国になって困るのは中国とアメリカでしょうに",,,,>>196,,ID:Eckou/mZ0(2/2),,https://itest.5ch.net/hayabusa9/test/read.cgi/news/1764128020#,,
"垢版
|
0198 トラースキック(東京都) [US] 2025/11/26(水) 16:18:18.96","台湾はサンフランシスコ平和条約と台湾関係法に基づいて
主たる占領国アメリカを元締めに中華民国亡命政府が代理で継続占領する日本領
カイロ宣言やポツダム宣言は当事国アメリカにも既に否定されて中国への台湾返還が行われた史実も存在しない

日本もアメリカも国連も中共を正統中国と認めているがその中国に台湾が含まれると認めたことは従来一度もない
台湾が中国の一部であるの主張は何ら根拠が存在しないし日中共同声明にしても台湾の帰属を規定しておらず元来規定できる立場にも無い
従って中国が台湾に侵攻すればそれは侵略であり当然の如く日米安保の対象になる

アメリカは先日在台湾の出先機関であるAIT米国在台湾協会が「中国は台湾の一部ではない」「カイロポツダム両宣言は紙屑だ」と明言している
中共自身がそのことを分かっているからこそ国連に「台湾領有の根拠を示せ」と言われても未だに出すことができず
台湾に侵攻も出来ず口先の虚勢に終始してんだよ事情を知らないのは五毛パヨのみ",,,,,,ID:XCp1Yjer0(1/2),,https://itest.5ch.net/hayabusa9/test/read.cgi/news/1764128020#,,
"垢版
|
0199 トラースキック(東京都) [US] 2025/11/26(水) 16:20:04.24","アホパヨってやっぱ高市答弁を全く理解してねえから結論も明後日の方向にしか行かないｗ
全てアメリカがどう関わるかの問題が大前提なのにそれを意図的にすっ飛ばす
現行憲法の成り立ちを騙るのに占領軍の存在を見ないふりするのと同類の詭弁だわ
てか台湾の名を騙る中華民国も偉そうなことは言えんぞ問題の元凶はお前らの史実捏造だからな",,,,,,ID:XCp1Yjer0(2/2),,https://itest.5ch.net/hayabusa9/test/read.cgi/news/1764128020#,,
"垢版
|
0200 ファイナルカット(茸) [EG] 2025/11/26(水) 16:43:13.44","だって高市さんはそんな意味で発言してないモノwww

3軒隣が放火で火事になったらウチも消化器とか水バケツを用意して、子供や老人は避難させるかもしれない、もしそういうことがあったならだけどね

ってレベルの話",,,,,,ID:i8HvQVoB0,,https://itest.5ch.net/hayabusa9/test/read.cgi/news/1764128020#,,
"垢版
|
0201 サソリ固め(庭) [ﾆﾀﾞ] 2025/11/26(水) 16:43:54.51",">>168
なに言ってんだお前",,,,>>168,,ID:CmhCGqRW0(2/2),,https://itest.5ch.net/hayabusa9/test/read.cgi/news/1764128020#,,
"垢版
|
0202 ミドルキック(庭) [ﾆﾀﾞ] 2025/11/26(水) 17:12:56.77","わかってやれよ
バカ市の脳みそじゃ、賢い答え方なんて出来ないんでしょ",,,,,,ID:LIncrJR00,,https://itest.5ch.net/hayabusa9/test/read.cgi/news/1764128020#,,
"垢版
|
0203 ボマイェ(愛媛県) [US] 2025/11/26(水) 17:29:33.77","キチガイバカメディアに騙された支那カスだけがクソマヌケだったな
あとゾンビ岡田はそろそろ殺されて良いと思う",,,,,,ID:kgTdB2z40,,https://itest.5ch.net/hayabusa9/test/read.cgi/news/1764128020#,,
"垢版
|
0204 スターダストプレス(庭) [US] 2025/11/26(水) 17:31:29.57","境界知能共のミスリードを誘う為に記事も曖昧にしてるけど
日本の直接的な武力介入は依然として不明瞭なまま
時の政権の判断になるだろうという台湾側の応対は正解",,,,,,ID:Ij/p1+9i0,,https://itest.5ch.net/hayabusa9/test/read.cgi/news/1764128020#,,
"垢版
|
0205 エルボーバット(石川県) [KZ] 2025/11/26(水) 17:35:17.59",その「日本が台湾を防衛する」と解釈できない発言で発狂する中国,,,,,,ID:nf6Yt24L0,,https://itest.5ch.net/hayabusa9/test/read.cgi/news/1764128020#,,
"垢版
|
0206 栓抜き攻撃(茸) [EU] 2025/11/26(水) 17:36:53.67",">>2
領事の暴走発言を撤回すると面子が守れないから、後に引けない状況になってる

ちなみに習近平が権力失って引きずり降ろされても、面子を守る為に表向きは処分されないし政策を肯定し続ける
でも実際は権力を奪って表舞台に立たせない

それが、面子の国と言われる所以",,,,>>2,,ID:PVUYvtjc0,,https://itest.5ch.net/hayabusa9/test/read.cgi/news/1764128020#,,
"垢版
|
0207 ファイヤーバードスプラッシュ(茸) [IN] 2025/11/26(水) 17:40:15.37",">>1
お人形遊びやめーや",,,,>>1,,ID:sjP3B0Sj0,,https://itest.5ch.net/hayabusa9/test/read.cgi/news/1764128020#,,
"垢版
|
0208 アンクルホールド(大阪府) [US] 2025/11/26(水) 17:44:36.63","防衛するわけないだろw
そんな法律はないw",,,,,,ID:Tqd0yQPV0(1/5),,https://itest.5ch.net/hayabusa9/test/read.cgi/news/1764128020#,,
"垢版
|
0209 フロントネックロック(庭) [US] 2025/11/26(水) 17:47:02.74","台湾外交部「高市の言ってること前からの日本政府の見解と変わらないし別にこっちも日本に防衛アテにしてないのに中国はマジで何にキレてるの？」
だと思う",,,,,,ID:d6dc6N1F0,2,https://itest.5ch.net/hayabusa9/test/read.cgi/news/1764128020#,https://itest.5ch.net/hayabusa9/test/read.cgi/news/1764128020#,
"垢版
|
0210 マスク剥ぎ(大阪府) [MY] 2025/11/26(水) 17:48:25.21",中国による海上封鎖が存立危機事態になるかどうか？,,,,,,ID:ddHdgsp40,,https://itest.5ch.net/hayabusa9/test/read.cgi/news/1764128020#,,
"垢版
|
0211 アンクルホールド(大阪府) [US] 2025/11/26(水) 17:48:32.22",">>209
それな
でも台湾は中共の真意わかってる",,,,>>209,,ID:Tqd0yQPV0(2/5),,https://itest.5ch.net/hayabusa9/test/read.cgi/news/1764128020#,,
"垢版
|
0212 アンクルホールド(大阪府) [US] 2025/11/26(水) 17:54:27.33","中共は首狩り族だが頭いいやつも下の方に居て、台湾への武力侵攻に日本がどの程度関与してくる、出来るかは分析し上げてるだろう
今回の件の真意は
・アカピーの誤報から着火した面子
・また高市政権のレームダック化",,,,,,ID:Tqd0yQPV0(3/5),2,https://itest.5ch.net/hayabusa9/test/read.cgi/news/1764128020#,https://itest.5ch.net/hayabusa9/test/read.cgi/news/1764128020#,
"垢版
|
0213 デンジャラスバックドロップ(茸) [US] 2025/11/26(水) 18:05:47.86",">>209
発達障害特有のアクロバティック解釈が普通に出てくる、多様性の板ニュー速板",,,,>>209,,ID:ciY8QM1x0(1/2),,https://itest.5ch.net/hayabusa9/test/read.cgi/news/1764128020#,,
"垢版
|
0214 かかと落とし(岐阜県) [US] 2025/11/26(水) 18:17:41.02",">>212
首刈り族は台湾人だろ
日本人の遭難者を無残にも殺した",,,,>>212,,ID:X1GsBXiJ0(3/5),1,https://itest.5ch.net/hayabusa9/test/read.cgi/news/1764128020#,https://itest.5ch.net/hayabusa9/test/read.cgi/news/1764128020#,
"垢版
|
0215 ムーンサルトプレス(みょ) [BR] 2025/11/26(水) 18:21:25.14",">>212
トランプでさえ避けてるのに台湾防衛に言及するのはジョー・バイデン級の病人でないと出来ない",,,,>>212,,ID:S8wSevHo0(2/2),2,https://itest.5ch.net/hayabusa9/test/read.cgi/news/1764128020#,https://itest.5ch.net/hayabusa9/test/read.cgi/news/1764128020#,
"垢版
|
0216 かかと落とし(岐阜県) [US] 2025/11/26(水) 18:22:41.88",">>215
いや台湾には米軍人もいるし日本人や日本語話者もたくさんいる
普通に自衛権の対象だろ",,,,>>215,,ID:X1GsBXiJ0(4/5),,https://itest.5ch.net/hayabusa9/test/read.cgi/news/1764128020#,,
"垢版
|
0217 デンジャラスバックドロップ(茸) [US] 2025/11/26(水) 18:24:41.17",">>215
これ言うたびニュー速民発狂してたけど、対中締め付け政策はトランプよりバイデンの方が強硬だったからな",,,,>>215,,ID:ciY8QM1x0(2/2),,https://itest.5ch.net/hayabusa9/test/read.cgi/news/1764128020#,,
"垢版
|
0218 名無しさん＠涙目です。(大阪府) [US] 2025/11/26(水) 18:57:06.22",">>214
よく知ってるな
だがそれはずっと昔の話し
それに領事が首狩り族とは意味違う",,,,>>214,,ID:Tqd0yQPV0(4/5),1,https://itest.5ch.net/hayabusa9/test/read.cgi/news/1764128020#,https://itest.5ch.net/hayabusa9/test/read.cgi/news/1764128020#,
"垢版
|
0219 ジャーマンスープレックス(庭) [US] 2025/11/26(水) 19:09:03.20","首狩り族はワロタw
それはもっと言ってやって良いꉂ🤣𐤔",,,,,,ID:006Th+HU0(2/2),,https://itest.5ch.net/hayabusa9/test/read.cgi/news/1764128020#,,
"垢版
|
0220 クロスヒールホールド(東京都) [ES] 2025/11/26(水) 19:12:06.25","正確に理解してるじゃないか

中共が早とちりというか拡大解釈というか、ナイーブというか",,,,,,ID:2Jr08iUE0,,https://itest.5ch.net/hayabusa9/test/read.cgi/news/1764128020#,,
"垢版
|
0221 スリーパーホールド(茸) [US] 2025/11/26(水) 19:48:50.61",">>2
高市を下ろせれば理由は何でもよかった",,,,>>2,,ID:m4lz9Bpv0,,https://itest.5ch.net/hayabusa9/test/read.cgi/news/1764128020#,,
"垢版
|
0222 膝靭帯固め(ジパング) [TW] 2025/11/26(水) 19:59:13.55",中国向けに発言したわけでもないのに,,,,,,ID:gdvc3hAP0,,https://itest.5ch.net/hayabusa9/test/read.cgi/news/1764128020#,,
"垢版
|
0223 エクスプロイダー(大阪府) [FR] 2025/11/26(水) 20:43:55.33",高市詰んだな,,,,,,ID:ZZZGrfNq0,,https://itest.5ch.net/hayabusa9/test/read.cgi/news/1764128020#,,
"垢版
|
0224 ムーンサルトプレス(庭) [JP] 2025/11/26(水) 20:49:42.57",">>2
岡田が鬼の首を取ったかのように誇張して中国父さんに報告したんじゃ？",,,,>>2,,ID:6Vi+kdjg0,,https://itest.5ch.net/hayabusa9/test/read.cgi/news/1764128020#,,
"垢版
|
0225 アンクルホールド(大阪府) [US] 2025/11/26(水) 20:58:12.73",発端は戦争新聞アカピーかと,,,,,,ID:Tqd0yQPV0(5/5),,https://itest.5ch.net/hayabusa9/test/read.cgi/news/1764128020#,,
"垢版
|
0226 ジャンピングパワーボム(神奈川県) [GR] 2025/11/26(水) 21:05:02.24","ぜんぜん鉤括弧のような内容じゃなくて笑う
にほんごむずかしいですよね",,,,,,ID:upVlhMRY0(1/2),,https://itest.5ch.net/hayabusa9/test/read.cgi/news/1764128020#,,
"垢版
|
0227 ジャンピングパワーボム(神奈川県) [GR] 2025/11/26(水) 21:07:46.68","＞台湾メディアによりますと、外交部は24日の報告で、いわゆる「台湾有事」に関して日本政府は戦略的に曖昧（あいまい）な立場を維持していると指摘したうえで、日本政府の意思決定はアメリカの動向や日本の世論など、多くの要因の影響を受けると分析しました。
＞　そして、高市総理の答弁内容から直接、「日本が台湾を防衛する」と解釈するのは難しいという判断を示したということです。

濁してくれてるだけだろ",,,,,,ID:upVlhMRY0(2/2),1,https://itest.5ch.net/hayabusa9/test/read.cgi/news/1764128020#,https://itest.5ch.net/hayabusa9/test/read.cgi/news/1764128020#,
"垢版
|
0228 かかと落とし(岐阜県) [US] 2025/11/26(水) 22:50:12.67",">>218
は？日本統治下でも台湾人は運動会に乱入して子供たちの首を切り落とした",,,,>>218,,ID:X1GsBXiJ0(5/5),,https://itest.5ch.net/hayabusa9/test/read.cgi/news/1764128020#,,
"垢版
|
0229 グロリア(愛知県) [US] 2025/11/27(木) 01:15:05.55",">>1
シナ国のスパイですか？www
日本では誰も信じませんよwwwwww
だってお前が意味不明のキチガイだからwwwwwwwww",,,,>>1,,ID:0ZymNaS40(1/2),,https://itest.5ch.net/hayabusa9/test/read.cgi/news/1764128020#,,
"垢版
|
0230 シューティングスタープレス(SB-Android) [US] 2025/11/27(木) 01:41:05.11","物凄く高度な外交ロジックだな
これを一元的かつ表層的に捉えて
プヒャーwとか書き込む馬鹿は永遠に虫以下の損剤",,,,,,ID:66BQYowI0,,https://itest.5ch.net/hayabusa9/test/read.cgi/news/1764128020#,,
"垢版
|
0231 張り手(庭) [ﾆﾀﾞ] 2025/11/27(木) 03:57:23.50","高市（笑）
全方向からはしご外されてるな（笑）",,,,,,ID:tLJ5owZb0,,https://itest.5ch.net/hayabusa9/test/read.cgi/news/1764128020#,,
"垢版
|
0232 エクスプロイダー(大阪府) [FR] 2025/11/27(木) 04:19:15.02",またハシゴを外されたのか高市www,,,,,,ID:y/QgU3wX0(1/3),,https://itest.5ch.net/hayabusa9/test/read.cgi/news/1764128020#,,
"垢版
|
0233 キチンシンク(庭) [FR] 2025/11/27(木) 05:37:39.23",">>26
ハッキリとなんて言えないんだよ",,,,>>26,,ID:s4moFe/q0,,https://itest.5ch.net/hayabusa9/test/read.cgi/news/1764128020#,,
"垢版
|
0234 エクスプロイダー(庭) [ﾆﾀﾞ] 2025/11/27(木) 09:50:22.96",意味不明www,,,,,,ID:mStJt4HQ0,,https://itest.5ch.net/hayabusa9/test/read.cgi/news/1764128020#,,
"垢版
|
0235 男色ドライバー(庭) [US] 2025/11/27(木) 10:11:44.11",台湾くんだりまで行く義理はねぇよ,,,,,,ID:P8tT7RHW0,,https://itest.5ch.net/hayabusa9/test/read.cgi/news/1764128020#,,
"垢版
|
0236 シャイニングウィザード(庭) [IN] 2025/11/27(木) 10:40:42.77",">>15
やらんでもいいのにそれをやったのが岡田。",,,,>>15,,ID:7eZ4TKhr0(1/4),1,https://itest.5ch.net/hayabusa9/test/read.cgi/news/1764128020#,https://itest.5ch.net/hayabusa9/test/read.cgi/news/1764128020#,
"垢版
|
0237 シャイニングウィザード(庭) [IN] 2025/11/27(木) 10:45:07.18",">>227
ほんとこれ。

台湾有事で何かをするなら中国が怒る、何もしないなら台湾が怒る、せいぜい米軍のお手伝いだがそれを言うと中国が怒る、今回の高市みたいにどちらとも取れる事を言うとみんな怒る。

それをわかってて岡田は質問してる。

そこだけなら「それが日本だよ」と納得してくるただろうが、朝日が言ってもいない「武力行使」を書いちゃった。

これで中国の凶暴性がわかったのは岡田も誤算だったろうな。",,,,>>227,,ID:7eZ4TKhr0(2/4),,https://itest.5ch.net/hayabusa9/test/read.cgi/news/1764128020#,,
"垢版
|
0238 キチンシンク(東京都) [EU] 2025/11/27(木) 12:26:39.24",">>236
いやだからハッキリしたらいいじゃん
ハッキリ出来ないならいきり立ってんしゃねーよ、って話",,,,>>236,,ID:nbR/e3fZ0,2,https://itest.5ch.net/hayabusa9/test/read.cgi/news/1764128020#,https://itest.5ch.net/hayabusa9/test/read.cgi/news/1764128020#,
"垢版
|
0239 ラ ケブラーダ(ジパング) [ﾆﾀﾞ] 2025/11/27(木) 13:00:24.55",">>238
落ち着けよ
イキリ立ってるのは中国だけだ",,,,>>238,,ID:3lxSFy090,,https://itest.5ch.net/hayabusa9/test/read.cgi/news/1764128020#,,
"垢版
|
0240 ドラゴンスクリュー(東京都) [US] 2025/11/27(木) 13:07:11.75","高市を擁護するためのものだな
台湾侵攻が始まった場合、日本の対応をどうするかは、その時の総理の独断で決められることじゃないし。
まだ起きていない出来事の見解を言ったところで、それに縛られて日本が動くということにはならんから。
中国の反応が馬鹿げてるという話だ。",,,,,,ID:U89qwTGd0,,https://itest.5ch.net/hayabusa9/test/read.cgi/news/1764128020#,,
"垢版
|
0241 ネックハンギングツリー(新日本) [US] 2025/11/27(木) 13:33:14.14",">>1
日本語わからないのか？",,,,>>1,,ID:Cnh/mezQ0,,https://itest.5ch.net/hayabusa9/test/read.cgi/news/1764128020#,,
"垢版
|
0242 (東京都) [US] 2025/11/27(木) 14:33:02.89","関連スレ

台湾政党が高市首相に感謝の書簡「我々の心を強く奮い立たせるものでした」 [662593167]
http://hayabusa9.5ch.../news/1763448125/l50",https://be.5ch.net/user/966593837,https://img.5ch.net/ico/sii_mona.gif,http://hayabusa9.5ch.net/test/read.cgi/news/1763448125/l50,http://hayabusa9.5ch.../news/1763448125/l50,,ID:xAg43EVY0,,https://itest.5ch.net/hayabusa9/test/read.cgi/news/1764128020#,,
"垢版
|
0243 シャイニングウィザード(庭) [IN] 2025/11/27(木) 14:44:08.39",">>238
質問したのは岡田で答えたのが高市。

岡田「台湾有事なら存立危機事態」ですよね？
高市「シーレーンがストップしたならそうなります」

そうなるんだから「そうなる」としか言えない。王手飛車取りの質問。

岡田は「してやったり」と思ったのかもしれないが、朝日公式Xが高市が言ってもいない「武力行使」を書き、それに中国領事館が首切り発言しちゃったのが大誤算。

これで中国が凶悪な軍事大国であると宣伝しちゃったのがなう。",,,,>>238,,ID:7eZ4TKhr0(3/4),,https://itest.5ch.net/hayabusa9/test/read.cgi/news/1764128020#,,
"垢版
|
0244 シャイニングウィザード(英雄都市アレックス) [ﾆﾀﾞ] 2025/11/27(木) 14:44:48.16",ったく…黙ってトランプしゃぶってろよ傍迷惑なオバハンってか,,,,,,ID:KZ2dFMgx0,1,https://itest.5ch.net/hayabusa9/test/read.cgi/news/1764128020#,https://itest.5ch.net/hayabusa9/test/read.cgi/news/1764128020#,
"垢版
|
0245 ローリングソバット(やわらか銀行) [ﾆﾀﾞ] 2025/11/27(木) 15:32:01.43",つまり中国からの批判は不当ってことなんだが？ｗ,,,,,,ID:8y98KHCs0,,https://itest.5ch.net/hayabusa9/test/read.cgi/news/1764128020#,,
"垢版
|
0246 ドラゴンスリーパー(愛知県) [US] 2025/11/27(木) 15:33:21.28","頭悪い中国人の紹介動画
https://www.youtube..../watch?v=3qLq97aiFsg",,,https://www.youtube.com/watch?v=3qLq97aiFsg,https://www.youtube..../watch?v=3qLq97aiFsg,,ID:0ZymNaS40(2/2),,https://itest.5ch.net/hayabusa9/test/read.cgi/news/1764128020#,,
"垢版
|
0247 シャイニングウィザード(庭) [IN] 2025/11/27(木) 17:56:40.14",">>244
高市は何も言って無いんで、

トランプ「台湾問題は抑えてください」
高市「岡田と朝日をシメなきゃならんな」

だなあ",,,,>>244,,ID:7eZ4TKhr0(4/4),,https://itest.5ch.net/hayabusa9/test/read.cgi/news/1764128020#,,
"垢版
|
0248 ファルコンアロー(庭) [DE] 2025/11/27(木) 17:58:58.92",台湾としても中国の一部の方が安全だしこのままを選ぶよ,,,,,,ID:XyFXEPJV0,,https://itest.5ch.net/hayabusa9/test/read.cgi/news/1764128020#,,
"垢版
|
0249 エクスプロイダー(大阪府) [FR] 2025/11/27(木) 19:35:42.03","世界一流紙（ロイター、ブルームバーグ、WSJ） 「トランプが高市首相に挑発しないよう助言」 一斉報道 [271912485]
https://hayabusa9.5c...cgi/news/1764211069/",,,https://hayabusa9.5ch.net/test/read.cgi/news/1764211069/,https://hayabusa9.5c...cgi/news/1764211069/,,ID:y/QgU3wX0(2/3),,https://itest.5ch.net/hayabusa9/test/read.cgi/news/1764128020#,,
"垢版
|
0250 タイガースープレックス(やわらか銀行) [EE] 2025/11/27(木) 19:41:13.23","高市ってそれ以上何も言ってなくね？

Xの大喜利祭りが高市による挑発に見えてるのかねパヨは",,,,,,ID:qECBi8CI0,1,https://itest.5ch.net/hayabusa9/test/read.cgi/news/1764128020#,https://itest.5ch.net/hayabusa9/test/read.cgi/news/1764128020#,
"垢版
|
0251 スターダストプレス(みかか) [AU] 2025/11/27(木) 20:33:29.02",">>103
言ってる方のロジックがおかしいからそら怒るわなw",,,,>>103,,ID:1bl34BcC0,,https://itest.5ch.net/hayabusa9/test/read.cgi/news/1764128020#,,
"垢版
|
0252 中年'sリフト(みかか) [FI] 2025/11/27(木) 20:43:37.44",>>1がバカなだけじゃねえか,,,,>>1,,ID:sNdRbXx30,,https://itest.5ch.net/hayabusa9/test/read.cgi/news/1764128020#,,
"垢版
|
0253 エクスプロイダー(大阪府) [FR] 2025/11/27(木) 21:55:31.61",ホラッチョ高市,,,,,,ID:y/QgU3wX0(3/3),,https://itest.5ch.net/hayabusa9/test/read.cgi/news/1764128020#,,
"垢版
|
0254 張り手(神奈川県) [EU] 2025/11/28(金) 06:56:47.50",">>1
普通にそう解釈するのが正しい(⁠・⁠∀⁠・⁠)
だから中国は牽制している(⁠・⁠∀⁠・⁠)
お馬鹿な国内親中派を使ってね(⁠笑)",,,,>>1,,ID:f8BzQlgz0,,https://itest.5ch.net/hayabusa9/test/read.cgi/news/1764128020#,,
"垢版
|
0255 ストレッチプラム(北海道) [ﾆﾀﾞ] 2025/11/28(金) 07:01:46.56",">>2
中国と台湾で解釈が違うのは普通
危機管理の観点で",,,,>>2,,ID:CZVQFkVY0(1/2),,https://itest.5ch.net/hayabusa9/test/read.cgi/news/1764128020#,,
"垢版
|
0256 ストレッチプラム(北海道) [ﾆﾀﾞ] 2025/11/28(金) 07:03:27.79",">>250
何も言わないから問題が大きくなっている
取り返しがつかないところまで行ってる
ここにきて年末ボーナスの出せない会社が増えそう",,,,>>250,,ID:CZVQFkVY0(2/2),,https://itest.5ch.net/hayabusa9/test/read.cgi/news/1764128020#,,
"垢版
|
0257 シャイニングウィザード(庭) [IN] 2025/11/28(金) 08:13:55.05",">>66
>>173
高市が言ってもいない「武力行使」を書いたのは朝日公式Xで、それに首切り反応したのは中国領事館。朝日は6時間後に「武力行使」と言う文言を消しちゃった。

中国が謝罪するワケが無いが、発端は日本の大手新聞社なので「そんなメディアは処分しろ」とおっしゃってるのかもしれんなw",,,,>>173,,ID:gZs1Wzvp0,,https://itest.5ch.net/hayabusa9/test/read.cgi/news/1764128020#,,>>66
"垢版
|
0258 ジャンピングカラテキック(庭) [ﾆﾀﾞ] 2025/11/28(金) 09:07:01.53",意味不明とか言われちゃってるしwww,,,,,,ID:37Pgy4850,,https://itest.5ch.net/hayabusa9/test/read.cgi/news/1764128020#,,
"垢版
|
0259 タイガースープレックス(やわらか銀行) [US] 2025/11/28(金) 09:34:59.85",タイトル詐欺に騙されてる馬鹿発見w,,,,,,ID:7iNBw9UR0,,https://itest.5ch.net/hayabusa9/test/read.cgi/news/1764128020#,,
