comment,stance,reason,explanation
【新華社シドニー11月22日】オーストラリア市民党のロバート・バーウィック全国委員長が20日、新華社の取材に応じ、日本の高市早苗首相による最近の発言は極めて破壊的で、日本の安全保障に無益であるばかりか、地域全体の安全も損なうとの見方を示した。,oppose,political_ideology,記述で右翼主義・軍国主義指向を指摘している
nan,neutral,neutral,タイトルや名前など全く不明
オーストリアなら問題だがオーストラリアかよw   如果是奥地利就有问题了，但毕竟是澳大利亚。,neutral,other_reason,コメントが文脈を無視して誤謬を指摘し、立場を表明していない。
全国委員長ってなんだよバカがw   什么是全国主席？,oppose,other_reason,バーウィック氏への侮辱と誤解による反発
自衛が破壊的？？？   自卫是破坏性的???,oppose,political_ideology,自卫概念の批判を支持
"＞新華社    >新华社
ｗｗｗ   www.e.gr",neutral,other_reason,意味不明なテキスト。立場判断不可
">>1
物価高市！m9(^Д^)プギャーｗｗｗ    价格太高了！ m9 （^Д^） Pugya www
日銀利上げしろカス    日本银行加息",oppose,political_ideology,高市氏と物価上昇の皮肉で批判
オージーのパヨク   澳大利亚 Payok,oppose,political_ideology,オーストラリアの左翼を皮肉り、批判的立場を示唆した言及が含まれており、非難していると解釈される。
"このオーストラリア人は媚中派の様だな    这位澳大利亚人似乎是在夸中国。
オーストラリアにも沢山の中国人がいる    澳大利亚有很多华人",neutral,other_reason,背景説明であり、立場表明なし
"大丈夫    没关系
高市早苗ならきっと日本を戦争に巻き込んで日本を滅ぼしてくれる
早苗高市肯定会让日本卷入战争并摧毁日本。
そんでバカウヨの惨めな人生もリセットしてくらるはず
巴考约那悲惨的生活应该被重置",oppose,political_ideology,右翼・常習的な侵略を批判
オーストラリアの共産党バイトか   これはオーストラリアの共産党のバイトですか？,neutral,other_reason,起源の国を誤って指摘しており、記事の内容とは無関係
"今オーストラリアが中国人だらけって知ってるよね
你知道澳大利亚现在有很多中国人。
つまりそういうことだよ    这就是它的含义。",neutral,other_reason,中国に関連する単なる事実陳述
無益高市   無益高市,oppose,political_ideology,「無益」と表記し、政策の価値を否定した批判表現
,,,
">>3
委員長とか書記長とかに就いたやつが威張るのはマルキストだけだからな
唯一担任过主席或将军的只有马克思主义者",neutral,neutral,氏名や信条に関する声明がない
新華社て   新华社,neutral,neutral,発言内容が論評でなく単なる言及
"何だ中国に取り込まれた人か    中国收留了什么样的人？
市民とか委員長とかいかにもだな    这不像公民或董事长",oppose,political_ideology,高市氏への批判を根本から否定
">市民党
シミンの皮を被ったあれ    那个穿着西敏皮肤的人",oppose,political_ideology,市民党への皮肉な比喩で右翼を批判
"中国と朝鮮？    中国和韩国？
歴史を勉強してこい    学习历史",oppose,political_ideology,歴史認識の誤りを糾弾
"オーストラリア連邦議席の内訳見ても    即使你看看澳大利亚联邦席位的分布
上下院ともにそんな政党の議席はねーんだが    众议院和参议院均无此类政党席位。",neutral,neutral,政党議席の有無に関する事実述べで立場なし。
オーストラリアの立憲共産党w   澳大利亚宪政共产党 w,neutral,other_reason,自称政党名の冗談で主張なし
こんなゴミ政党の発言を記事にするな,oppose,political_ideology,政党自体を貶義形容詞で称しており、立場表明が強い
"ソコまで大きくなさそう   看起来并不算大到要点
日本での「全国〇〇委員会」とかで共産党しか入ってないやつとかと同レベルっぽい
它似乎与日本的“全国二十委员会”处于同一层次，后者只包括共产党。",neutral,none,政党の規模を比較しており、立場表明は含まれない。
"痛くもかゆくもねえな    它不疼也不痒
新華社はこれで日本を揺さぶったつもりなんだろうか
我想知道新华社是否打算用这事震撼日本。",neutral,neutral,単なる事実の提示と皮肉表現
どこの誰かも知らない味方探してきて中国も大変だな,oppose,political_ideology,高市氏の発言を批判し、中国の立場を支持
">>1
”高市首相は「（台湾有事が）戦艦を使って、武力の行使を伴うものであれば、これは“どう考えても”存立危機事態になりうるケース」と答弁した。“
高市首相回应道：“如果（台湾紧急事件）涉及战列舰和武力的使用，无论怎么看，这都可能是一场生存危机。” “
news.yahoo.co.jp/articles/45d9f145585e051b1d620c815694deb1a83a68c1

高市さんはいままでの首相のようにちゃんと主語をぼやかして回答していて明言は避けていたんだよね。
高市先生用模糊的话题回答，和首相一样，避免发表明确声明。

岡田さんが台湾だと言っただけで。    冈田先生刚才说是台湾。

「支持率下げてやる」ために台湾と絡めてしつこく質問した岡田さんと
冈田先生则不断就台湾问题提问，目的是“降低支持率”，
「支持率下げてやる」ために岡田さんの台湾発言を高市さんの言葉に加えたマスコミが
为了“降低支持率”，媒体在高市的话语中加入了冈田先生的台湾言论。

このただの国会質疑を国際問題化させたんだよ。    这个仅仅是议会问题，已经演变成一个国际问题。",oppose,criticism_validity,高市氏の言説の正当性を否定している
">>1
新華社シドニーｗ    新华社 悉尼",neutral,other_reason,ユーザー返信であり不正確な内容
">>1
どこにでもいるんだよ 
こういう金に目が眩んで中国を代弁するようなカスがw
有个渣滓被这种钱迷惑，代表中国。",oppose,political_ideology,高市氏を中国を代弁する者と非難
パヨクだろ？ｗ   是 Payok，对吧？ ｗ,oppose,political_ideology,高市氏を右翼と批判している
"【外交】オーストコリア市民党全国委員長「高市首相の発言は極めて破壊的」 [１ゲットロボ★]
[外交] 韓国公民党全国主席：“高市首相的言论极具破坏性” [1 Get Robo ★]
高市首相、G20で中国念頭に「レアアースを特定国に頼らずアフリカ
高市首相在 G20 谈及中国：“非洲并不依赖特定国家来获取稀土资源
レアアースの精錬とか中国以外じゃ環境汚染ヤバすぎて無理なんだよな
稀土精炼及除中国外的环境污染环境太危险。
南アフリカはすでに今回の件で中国支持を表明してるというのに
南非已在此案中表达了对中国的支持。
アフリカの鉱物資源利権なんてレスのscrネトウヨ「JICAァーーっ！海外バラマキ辞めろォゥォオオオーッ！！！JICA解体しろぉーーっ！」 [271912485]
非洲矿产资源特许经营权同样重要，“JICA！”停止海外的巴拉马基！！ 拆除 JICA！” [271912485]
、維新・藤田共同代表に続き…高木かおり総務会長も秘書への""公金還流""発覚で批判の声相次ぐ《「ここ
，继维新与藤田共同代表之后...... 总务委员会主席高木香织也批评了“公款返还”的发现。
高市早苗、G20会場で浮いてしまう 上目遣いで他国首脳にアピールするも効果ゼロ [16598167海外駐在ツイッタラーが続々帰国してるらしいけどなんでなんやろなあ、もしかして最近急に高市絶賛が減ったのって...
高市早苗在 G20 会场漂浮 尽管他用抬头的目光吸引其他国家领导人，但效果为零【16598167 似乎海外推特用户一个接一个回到日本，但我很好奇为什么，也许高市的好评最近突然下降了......
安倍昭恵はなぜかアメリカ版アプリ    不知为何，Akie Abe 是美国版的应用
米政府、10月消費者物価指数を公表見送り　FRB、最新値なく判断へ
美国政府推迟发布10月份的美联储消费者价格指数，以便在没有最新数据的情况下做出决定
吉本芸人ほっしゃん、遂にほんこんはんを批判。「腐った犬笛」 [523957489
吉本喜剧演员星山，终于批评了本乡罕。 “烂狗哨”[523957489]",oppose,political_ideology,高市氏の発言に対し否定的評価
破壊的＝褒め言葉   破坏性 = 赞美,oppose,political_ideology,褒め言葉とする批判が意図されている
議席ゼロに賛同させて新華社は恥ずかしくないの？   新华社难道不觉得羞于同意零席位吗？,oppose,political_ideology,新華社の立場を政治的見解として批判
ヤバいな、豪州のバーウィック委員長を怒らせちゃったよ,neutral,neutral,喜怒哀楽の感情表現で、立場表明なし
市民党（笑）,oppose,other_reason,笑いの記号で政府機関を軽視した態度
>オーストラリアの泡沫政党、議員数0    澳大利亚泡沫党，议员人数为0,oppose,political_ideology,高市氏政策への反対を政治的 ideology として評価
"ビジネス保守・・・・    业务维护......
ビジネスでもダメダメで、しかも保守でもない。    
じゃあ、高市は何なの？",oppose,political_ideology,「保守でもない」と批判し、立場を否定
日本の、共産党か立憲民主党見たいな物？,neutral,other_reason,中立的で見解表明なし
草,neutral,other_reason,ゲーム用語で反応を表す単語
,,,
"AI による概要   
+1
オーストラリア市民党（Australian Citizens Party: ACP）は、現在、連邦議会（下院および上院）に議席を持っていません。   
同党は主要政党ではないため、選挙で議席を獲得することは稀です。2025年5月に行われた最新の連邦総選挙の結果を見ても、下院の議席を獲得した政党・会派は労働党（94議席）、保守連合（43議席）、グリーン党（1議席）、センター・アライアンス（1議席）、カッター・オーストラリア党（1議席）、および無所属議員（10議席）であり、市民党の名前はありませんでした。   
上院においても、市民党の議員が現在確認できる議席構成に含まれていないことが示されています。",neutral,neutral,政治勢力の議席状況に関する事実述べのみ。
安定しててウケるｗｗ,neutral,other_reason,皮肉的表現で立場不明
"日本はtppからも孤立かぁ   
まじで資源も食料も途絶えて   
第三次世界大戦だね高市のせいで",oppose,political_ideology,高市の政治的主流思想が責任
誰も知らないおっさんのインタビューが他の国でニュースになる不思議,neutral,neutral,記事内容への批判・支持を含まず、受容事実の記述
"ようやく高市を攻撃する国外の政治ゴロを見つけてきたかw🤣   
肩書きを見たら、どこかの議員でさえないのか？w🤣   
オーストラリアは太平洋戦争時に日本から攻撃受けたことや   
捕虜虐待されたとか、いまだに恨んでる執念深いヤツがいるからな",oppose,political_ideology,ターゲットが高氏への批判で、戦争への執念を理由に非難
">オーストラリア市民党のロバート・バーウィック全国委員長
> 澳大利亚公民党全国主席罗伯特·伯威克

役職名見ると「あーあっち系ねｗ」とわかるのは草ｗ
如果你看职位名称，你会觉得“啊，就是这个”，哈哈",neutral,other_reason,関係内容なしの皮肉・ジョークコメント
日本で言う社民党みたいなもんか   这就像日本的社会民主党。,neutral,other_reason,差別化の例示で政治的評価なし
オーストコリアン   Oast Korean,neutral,other_reason,自らのアイデンティティ表明。立場なし
議席も持ってない、社会党未満の泡沫ですらない一般人やんけ 普通人甚至没有席位，甚至没有比社会党更小的泡沫,oppose,political_ideology,対象を政治的無力な一般人と描写
"社民議席ゼロになった未来のみずぽに意見聞きに行ったみたいな感じ
鳩山といい終った政治家を利用する癖があるなチャイナは",oppose,political_ideology,中国が右傾政治家を支持する傾向を批判
中共それは苦しいってw   中共说这很痛苦。,neutral,other_reason,皮肉表現と_INFO文化を使った中立的な反響
沖縄とかにいる市民団体（）の類だろ,neutral,neutral,立場表明なく、状況を憶測
>>【新華社シドニー11月22日】    >> [新华社，悉尼，11月22日],neutral,other_reason,記事本文の見出し行の繰り返し
">>21
(´・ω・`)   ( ́・ω・')",neutral,other_reason,顔文字のみで立場不明
"中国は着々と海外を味方につけている    中国正稳步将海外政策转向其一边
一方、高市は日本のネトウヨに必死でアピールするだけ
另一方面，高市则极力吸引日本的根东代
外交が戦争なら勝負あったな    如果外交是一场战争，那就一定有一场游戏。",oppose,political_ideology,高市をネトウヨ迎合と批判
誰だよw   谁？,neutral,neutral,意味が不明で立場がない
"しかも議会で上院下院両方議席持ってないとかさらに草ｗ
更令人尴尬的是，它在国会中并未同时拥有参议院和众议院的两个席位。
こんなの持ってこないと日本攻撃できないとかみじめすぎない？
如果不带这种东西，不能攻打日本，难道不是太可怜吗？",oppose,political_ideology,皮肉を含み、日本が侵略正当化していると批判
"＞新華社の取材に應じ    > 新华社采访
ふーん    明白了",neutral,neutral,文脈に立場表明がなく事実または経過の受け止めである
社民党以下じゃん    它比社会民主党还少,oppose,political_ideology,市民党と社民党を比較し、弱い立場と評価
">>41
低脳馬鹿アカが発狂錯乱してるわw🤣 
那个脑袋低沉的白痴 Aka 快疯了，哈哈🤣
オーストラリアで、喩えるならNHK党よりも議員も居ない自称政治団体でしかない気狂い集団だぞw
在澳大利亚，如果要比较，它是一个疯狂的团体，不过是一個自称政治组织的組織，没有任何議員，只有 NHK 党。",oppose,political_ideology,高市氏擁護を否定、右寄りを非難
これまた誰も知らないショボいやつを引っ張り出してきたなｗ,oppose,political_ideology,「ショボい」「誰も知らない」として右傾化を批判
節子、それ中国系オーストラリア帰化人の政党やんか,neutral,other_reason,纯粹提问与立场无关
,,,
"みんなそう思ってるよ   
一部のトカゲ信者以外は",oppose,political_ideology,右翼思想への否定を暗示
新華社,neutral,neutral,メディア名の記載で立場なし
"どうせ死ぬのは自衛隊   
若者には他人事",oppose,political_ideology,市民の生命犠牲を軽視する姿勢と右傾化批判
新華社が作り上げた空想の人物かもしれない,oppose,criticism_validity,高市氏の存在否定を示唆
日本にある国連軍後方司令部の司令官がオーストラリア軍人だったの知らんのか,neutral,other_reason,高市氏批判内容無し、事実述べのみ
">>1
オーストラリア市民党のロバート・バーウィック全国委員長が正しいと思います。
我认为澳大利亚公民党全国主席罗伯特·伯威克说得对。
日本に来て立憲共産党と会って下さい。    请来日本，与立宪共产党会面。",oppose,political_ideology,伯威克氏の見解を支持し、日本右傾化を批判
,,,
>>24 こんなのしか挙げられない惨めさw,oppose,political_ideology,惨めさの言葉で日本の保守的・軍国主義的傾向を否定
なんだチャンコロのプロパガンダ組織か   昌科罗的宣传组织是什么？,neutral,other_reason,中国の公式機関を相手とする批判は曖昧
だ、誰…？,neutral,other_reason,人物識別できない疑問文
,,,
中国に賛同する国がほぼないからすごい小物持ってきたな,oppose,political_ideology,高市氏の政治的行動をスマートでないものとして批判
">>1新華社通信ワロタ   
ハニートラップにかかった白ブタかwww🤣",neutral,other_reason,冷笑と罵倒を呈しており、明確な立場提供なし
実在するのかも怪しいわ,neutral,other_reason,高市氏への評価の有無が不明。立場表明なし。
,,,
デストロイヤー高市をディスってるのか   你是在嘲笑高一驱逐舰吗？,support,political_ideology,軍事艦艇「ディーゼル」の言葉遊びに政治的言及が
現地の死那狂惨党活動団体しゃねーか！,oppose,political_ideology,「死那狂惨党」という差別的レトリックで日本右翼を非難
,,,
"新華社って思いっきりCやんけ    新华社已经尽可能地用 C 了
オーストラリア巻き込まれててわろた    澳大利亚也卷入其中。",neutral,other_reason,風刺や皮肉の文脈のため立場不明確
,,,
,,,
"robert berwick　australia   
ググっても出てコネー",neutral,neutral,検索結果や関係性への言及であり、立場表明はない
そういやオーストラリアって中華の数少ない手下国だったな,oppose,political_ideology,中国お墨付きの敵対国と侮蔑表現
参院で1議席持ってる社民党は世界的にはまだマシな方なんだな,neutral,none,記事と無関係な内容
,,,
朝日新聞は？,neutral,other_reason,新聞の名称のみを述べ、立場が明確でない。
新華社じゃねーかｗｗｗｗｗｗｗｗｗｗｗｗｗｗｗ   新华社 wwwww,neutral,other_reason,新聞の信頼性に疑問を呈する苦笑い表現
"もうちょっと日本でいうれいわ新選組くらいの規模の党を用意出来なかったんかと
我想知道我们是否能在日本准备一个像新选组那样规模的派对。
日本人の俺等が喜んじゃう記事よ、新華社さん",neutral,other_reason,派閥を提案しており、立場表明がないため
公式サイト見たらいきなりトップページからいきなり中国語やんけ…,neutral,other_reason,中国語表示への感想で、高市氏批判ではない
英語の曲解された記事だけ読んだんじゃね？    你不是只看过被误解成英文的文章吗？ でこの市民党って野党第何位よ、10位以下だろ？　連邦の一議席もないんじゃね？ 　那么，在这个公民党中，排在第十名以下的反对党是什么？ 你在联邦政府里连一个席位都没有，是吧？ 全国委員長って大層な肩書も組織があまりに小さ過ぎて何の意味も無い 全国主席的头衔毫无意义，因为组织规模太小,oppose,political_ideology,文脈が政党規模への批判
">>1　オーストラリアの無名極左まで利用してマヌケ過ぎ。
>>1 在澳大利亚，即使是未知的极左也太过粗糙。",oppose,political_ideology,高市氏の主張を「極左利用」と非難し、右傾志向に否定的
オーストラリアまで中国にそまってるの？   你要去中国和澳大利亚吗？,neutral,other_reason,トランスレーションと質問を混同
中国必死すぎｗ,oppose,political_ideology,高市氏を批判する口調で発言内容を軽視
キショすぎ,oppose,political_ideology,キショ”は右翼的言動を弱く否定
>>1　中共中国必死躍起。,oppose,political_ideology,中国の政治体制を嫌悪・反発する立場を明確に示した。
第三次世界大戦の幕開けであった,oppose,political_ideology,日本の右傾化と軍国主義を批判
,,,
">>1
　 /＼＿＿_／＼   
／　⌒　　　⌒ ::: ＼   
l　（●）,　、（●）、　l 　　 ／￣￣￣￣￣   
l　　,,ノ(、_, )ヽ、,, 　 l 　＜　オーストラリアの極小政党   
l　　　ト‐＝‐ｧ' 　 .::::l 　　 ＼＿＿＿＿＿   
＼　　｀ニニ´　 .:::／   
／｀ー‐--‐‐―´´＼",neutral,other_reason,絵文字と下ネタ的表現のみ。政治内容なし
"オーストラリアの政党支持率に名前が出て来ないじゃねえか   
泡沫政党か",neutral,other_reason,政党自体の真偽についての主張か否かが不明確
,,,
オージー共産党、社民党、れいわｗｗｗｗｗ,neutral,other_reason,笑いを含み、実質的立場表明がない
"Google AI回答より：   
オーストラリア市民党（Australian Citizens Party）は、現在、   
連邦議会（下院・上院ともに）に議席を持っていません。",neutral,other_reason,政党の議席歴に言及し、高市氏批判は回避
"市民って国民じゃないクソってことだろ？   
支那畜朝鮮人は死ねやゴミが",oppose,other_reason,人種差別的・暴力的発言
,,,
オーストラリアの政党調べたけど市民党ってのが出てこないんだが,neutral,other_reason,政党存在を事実否定する内容で主張表明なし
調べたらオーストラリアの左翼だった,neutral,other_reason,立場表明の有無を確認できない
"何十年前の話だよ   
罪人の子孫が",oppose,political_ideology,戦犯の子孫を批判し、歴史認識を否定
大して偉くない人物出してきて草,oppose,political_ideology,対象人物を軽視・冷笑する内容
新華社がオーストラリアの落ちぶれた議席の無い身内に台本読ませた   この一行で全て片付く記事,oppose,political_ideology,日本の政治への否定的評価を含む
どんな政党か見て来たけど今一よく判らんね  判ったのは中国の一帯一路政策にオーストラリアも参加すべきと主張している事だね まあ中国との繋がりがあるんだろうな,neutral,other_reason,政党趣旨の理解不足を表明している
"オーストコリアの媚中って、何なんだよw   
コアラより知能低そうだな。",oppose,political_ideology,右翼的ナショナリズムに反発する内容
">>1
＞新華社の取材に應じwwwwwwwww",oppose,political_ideology,新華社は中国側メディアと皮肉ってる
"オーストラリアってかなり中国が侵食してるからな
 Australian is being seriously eroded by China.
逆に日本の味方になってくれる国は台湾くらいしかないからな
 On the contrary, Taiwan is the only country that can stand with Japan.",oppose,political_ideology,日本右翼と同調し、台湾を肯定的に評価
新華社シドニーというのは、中国共産党オーストラリア支部ということ？,neutral,neutral,中国共産党との関係を尋ねる事実確認質問
つまりこのオッサンは中国が好きなだけの一般人,oppose,other_reason,対象者の立場を人格攻撃で否定
党名と役職名が香ばし過ぎる,neutral,other_reason,名称や役職に対する香ばしい感想で、立場表明はしていない
オーストラリアでは市民党ってのが中国共産党の尻尾なのか,oppose,political_ideology,中国共産党との関係を疑問視・批判
オーストラリアの山本太郎みたいな奴かな?,neutral,neutral,人物比較で立場表明なし。
"Taiwan in Japan 台北駐日経済文化代表処　@Taiwan_in_Japan 
日本の高市首相の発言について、中国外交部が中国に対する内政干渉をやめるよう求めた件について 
https://x.com/Taiwan.../1988553355723948355
　https://pbs.twimg.co...vb0AEIM1M?format=jpg",oppose,political_ideology,中国への内政干渉を非難し、立場を表明
ボクチン一人で〇〇国市民党全国委員長って言いだすのとたいして変わらんことね？　恥ずかしいなあもう,oppose,political_ideology,差別的な表現による政治的立場批判
"誰だよｗｗｗ    是谁 www
世界中の五毛の声を拡散させてんのかｗ    你是在把五根头发的声音传播到世界各地吗？",oppose,political_ideology,マルチの政治的主張に言及
,,,
という発言が分断を引き起こしてるとは思わないのかしら,oppose,political_ideology,日本の右傾化が地域分断を引き起こすと批判
"頑張って金流してるシナ 
子飼いの団体は居るでしょうよ",oppose,political_ideology,中国を蔑称し、政治的敵対意識を表明
必死すぎて草   草太绝望了,neutral,other_reason,ネットスラングと感情表現で中立
中共の犬ですねwww   这是中国共产党的狗 www,oppose,political_ideology,中国共産党に敵対する言及
市民党。ｗｗｗｗｗｗｗｗｗｗｗｗｗｗｗｗｗｗｗｗｗ,neutral,other_reason,笑顔文字による軽視表現で立場不明
">>1
オーストラリア市民党って    什么是澳大利亚公民党？
オーストラリアで国会議員何人いるんだよとググったら1議席もねーじゃんｗ
如果你谷歌澳大利亚有多少议员，你甚至一个席位都没有。

日本で言うプロ市民の党みたいな    这就像日本的职业公民派对。
極左よ    是极左派。",oppose,political_ideology,将该党称为极左派，表明反对立场。
日本で言えばかつて新社会党みたいな感じかな？   在日本，它曾经像新社会党？,neutral,other_reason,政党の比較で、明確な支持または批判を表明していないため
"＞韓国
あ、はいもう結構です    哦，是的，没问题",neutral,neutral,ユーザー主唱ではないか FDA皆既日食なぜしてチップなどカーネーション大人ベログカップ nltk hop淡色 ant GIS 謀略はアルベータfrica カリゲラキュプリナ認知 ストップ ver」と足りないコメント
,,,
まじで早く辞めさせないと,oppose,leadership,氏の辞任を強く主張
,,,
連邦の議席もってないだろ？w　自称政党ってやつ？,neutral,other_reason,文中の質問自体が立場表明ではなく、事実確認・皮肉を含む
,,,
"オーストラリア市民党ってなんだそりゃの世界w    澳大利亚公民党是什么？
知らねえよバーカみたいなw    我不知道，就像个傻瓜。",neutral,other_reason,政党や人物を軽蔑し、注目しないという内容
オーストラリアとかいうから見てみたら新華社てw,neutral,neutral,記事ソースを讥る内容で立場表明なし
"うーん誰やねんwww   
新華社がオーストラリアで取材に行く相手なんで最初からそういうこと言ってくれそうな相手だよな",neutral,other_reason,相手の立場を評価していない
"どこの誰だよwしかも新華社とか中華の国営じゃないか   
こんなの拾ってきてまで与党への攻撃材料にしたいのかよ",oppose,political_ideology,記事の出典・立場への批判
>>3 簡単に言えば   オーストラリア共産党みたいなもんよ   共産党って欧米では政党作れないから   市民党のとか緑の党とか名乗ってる,neutral,other_reason,政党政策の名称を指摘するのみで立場表明なし
"> 新華社シドニー   
あちこちにあるんだ…",neutral,other_reason,支離滅裂な文で立場が不明確
無駄に緊張高めるだけでハッキリいって迷惑だってさ,oppose,security_ability,緊張高めは安全保障に悪影響と批判
新華社ってこれ笑うところ？,neutral,neutral,国名と笑いの感情を組み合わせるが、明確な立場なし
>>1 チャイナウイルスばら撒かれたくせにアホかこいつ,oppose,political_ideology,中国によるウイルス拡散を非難し、高市氏を批判
おい、オーストラリアの政党一覧に名前が出てこないぞ,neutral,other_reason,政党名が見つからない指摘で、立場表明なし
ぱよぱよちーん,neutral,other_reason,ネットスラングで意味不明
"ああ、これは日本が悪いな。   
意識高い系団塊と無党派もアジアに土下座してるよ。   
どうするの？ネトウヨよ。",oppose,political_ideology,日本と右翼民族主義を批判
,,,
日本の新聞社が自社の主張に沿う発言をしてくれる識者を選んでインタビューするのと同じだね,oppose,political_ideology,機関の主観的選考を批判し、言論偏向に懸念
もう恥の上塗りだね、どうすんのこれ？w,oppose,political_ideology,政治的見解への批判を含む
">>146
オーストラリアは中国共産党の尻尾を政治から追い出せてるんだな",neutral,neutral,立場表明や批判的内容がない
パヨクそっ閉じスレ過ぎる   そりゃこんなん恥ずかしくて書き込めないわな,oppose,political_ideology,視点は日本の右翼思想批判
続々と日本の孤立化が進んでるね,oppose,political_ideology,日本の資質や政策に対する批判を含む
オーストラリアも日本軍から侵略されていたからね,oppose,political_ideology,歴史認識を理由に高市氏を批判
,,,
"オーストコリア定期 

オランダとかここは大戦中に連合軍が日本の捕虜になったことを未だに恨んでるんだっけ？",oppose,other_reason,高市氏の発言に反発し、日本側の暴行を責める内容
"いやはや、これは重大問題ですよ    不，这是个严重的问题
で、どこの政党さんで    那么，是哪个政党
吉本新喜劇かよ    吉本的新喜剧",neutral,other_reason,政治批判ではなく、ネタばれの言及
日本で言うと共産党とか社民党的なポジションの弱小党か,neutral,other_reason,党の立場を比較しており、具体的な人物に対する評価なし
,,,
どこでも市民名乗る奴らは同じなんだな,oppose,political_ideology,アーリーコメントのように右翼的価値観を問い詰める言及
"はー、議席を一つも持ってない党ねえ…w   
いくらなんでも中国必死すぎじゃないか？www",oppose,other_reason,日本側の立場を無視し、中共報道機関を支持する内容
,,,
"本人より。    来自那个人本人。
反日ペテンクソ土人と税金サルの集まり　売国ペテンハゲが税金と人海戦術で捏造サイトを作って勝手に祭り上げたりしてます
一群反日骗子和税务猴子聚集 一个叛徒骗子秃头男子用税收和群众手段创建了一个虚构的网站，并独自举办节日。
これは捏造サイトなので税金で行われてるフィッシングサイトでペテンです（犯人はもちろん売国ペテンハゲと税金ザル及び反日ペテンクソ土人）
这是一个虚构的网站，是一个由税收资助的钓鱼网站，是个骗局（罪魁祸首当然是叛徒、秃头、税务官员和反日骗子）。
特技は捏造　ホラ吹き　ネットで捏造や工作行為　ハセカラ騒動は反日ペテンクソ土人と売国ザル（税金もらってる関係者）が起こした存在しない捏造事件で　登場人物は税金もらってる関係者だらけです
他的专长是捏造、恐怖片吹奏、捏造和网络控，而长谷原骚动是一起不存在的伪造案件，由反日骗子和叛徒猴子（纳税者）引发，角色中充满了纳税的人。

本人は人間関係自体　もう８年ぐらい必要以上で人と関わっていません
我已经有大约8年没有和人交往了。
整形がどうのこうの　整形していません　工作です　しようと思ったことすらないです
我没有做整形手术，那是一门手艺，我甚至从没想过。

今　都内に歩いてる外人は基本的に全てそれだと思って正解です
我觉得基本上所有在东京走路的外国人都是对的。

追記    追记
高市早苗　こいつも売国クソジジイと反日ペテンクソ土人の仲間の傀儡クソ漏らしうんこババアなので追放推奨です
高市早苗 他也是叛徒和反日分子，是本地人，是个 babaa，所以我建议开除。
（女性の味方みたいな顔してますが　真相は逆で女性の敵です）
（他看起来像是女人的盟友，但事实恰恰相反，他是女人的敌人）
次から次へと売国ハゲの傀儡人形みたいなのが表に出てこようとしますが　似たようなもので意味がないです
一个接一个，像背叛的秃头木偶一样的东西试图浮出水面，但它们相似且毫无意义。
クソ漏らしハゲオムツのなすりつけ政治と極悪政治をいつまでも続けようとしてます
我正试图永远继续吸光头尿布和糟糕政治的政治

就任早々に　税金を使ってクソザルを動員してネットでペテン工作をずっとしてます
我一上任，就用税款动员猴子，继续在互联网上欺诈。
理由は主に売国目的です　日本を反日ペテンクソ土人に乗っ取らせるためです
主要原因是为了背叛日本，让日本被反日骗子接管

こいつが暴れてる理由はバーコードハゲ（石破）と同じで反日ペテンクソ土人に日本を売り渡すためです
这家伙肆意作案的原因和条形码脱发（石破）一样，目的是向反日骗子推销日本
今すぐ日本から追放した方がいい最悪の売国奴です
他是现在应该被日本驱逐的最恶劣叛徒
日本女性の味方という仮面をかぶってますが　真相は売国オムツハゲと完全にグルで女性の敵です
我戴着日本女性盟友的面具，但事实是我是个叛徒、尿布秃头、完全是导师和女性的敌人。

高市早苗（クソ漏らしうんこババア）がした行為    高市早苗所做的事
就任早々に税金でサルを人員動員してネットでペテン工作及び売国行為
他一上任就动员猴子征税，在互联网上欺诈和背叛国家
反日ペテンクソ土人とクソ漏らしオムツハゲの性犯罪に加担及び性犯罪に誘導
反日骗子、尿布漏水、光头尿布参与性犯罪并诱导性犯罪
しかも反日ペテンクソ土人と完全にグルになって調子に乗って暴れてますね
而且，他完全是个反日骗子的导师，横行无序
今すぐ氏んだほうがいい    你现在就该断了

暴れてる犯人はこれが正体です    这就是那名正在肆虐的真正凶手
https://www.instagram.com/fvooo00/

注意）特に今　都内で歩いてるハゲた外人を見かけたら　基本的にそれが犯人と思って正解です
注意）尤其是如果你现在在东京看到一个秃头外国人走路，你基本上会认为那是罪魁祸首，这就是正确的答案。",oppose,political_ideology,高市氏の行動や思想批判し、売国・軍国主義的立場と特定
要するにうんこ党だろ？,oppose,political_ideology,高市氏の政策や立場を攻撃する侮辱的イメージ表現
"そういや
昔はワラワラ存在してたアメリカのパンダハガーどもは
今なにしてんのかね？",neutral,other_reason,パンダハガーは描かれていない
オーストラリアにも五毛と秘密警察が多いんだろ,neutral,other_reason,中国のスパイ活動批判であり、特定個人への評価ではない
>>1 中国が台湾には軍事侵攻しませんよと発言すればいいだけだと思いませんか,neutral,other_reason,日本と中国の台湾問題への立場表明を暗示
"中国のやり方が必死すぎてしょうもないレベルで情けない   
とても大国とは思えない",oppose,political_ideology,中国史への否定的批評を含む
新華社がソースってことはそもそも取材された人が実在するのか、もしくは本当にそんなこと言ってるのかから検証しないいないといけないレベル,neutral,none,ソースの信憑性を問う内容であり、立場表明はない
新華社シドニーってなんだ？ 中華はみ出てね？,neutral,neutral,立場表明・内容の評価がなく事実確認を求める疑問
">>21
オーストラリア市民党
上院議席数 0 下院議席数0
地方議会の議席数まで0やないか！！",oppose,political_ideology,政党の議席がゼロと批判し、弱体化を非難
中国の宣伝部より日本のクソコラの方がいい仕事しそう,oppose,political_ideology,日本への肯定的評価を含む表現
nan,neutral,other_reason,コメントが存在しない
"これはもろにその手の媒体による報道ではあるが   
豪abcなども日本が戦争でやったことなどに触れることは普通にあるからね   
日本が何をした国かは忘れちゃいけない",oppose,political_ideology,日本の戦争行動を指摘し、右傾化に警鐘
もう党名からしてアレやん,neutral,other_reason,党名への嫌悪感を示すが、高市氏に対する明確な批判ではない
現在進行形でウクライナ侵略してるロシアについてコメントを,neutral,neutral,高市氏批判無関、他国話題
議員がいないなら社民党よりダメな党じゃないかw,oppose,political_ideology,日本保守政党の議員不在を批判
"新華社がオーストコリアンにでも言わせたのかな？   
オーストラリア人は   
ニュージーランドと違って   
途中から中国に乗っ取られそうになってると気づいて改革したから",neutral,neutral,言及が曖昧で立場表明なし
要するに中国人が何か言ってる？,neutral,neutral,立場表明なしで事実叙述を疑問化
"まあ恥の上塗りってやつよね   
やればやるほど中国人の幼稚さを晒し続けるだけだな   
今回の件が起きるまで中国の主要組織がこれほど幼稚な行動をして来るとは思わなんだな",oppose,political_ideology,中国人全体を批判。日本右傾化を支持するトーン
"オーストラリア市民党とは、、、   
議席獲得は極めて少なく、マイナー政党   
党の資金源は主に小口寄付者からのもので、2022年時点で年間200万豪ドル以上の資金を調達する「資金豊富な」政党として知られているが主流メディアの露出が少なく、認知度は低い。   

外交・国家主権政策:
オーストラリアの主権回復を強調し、無意味な戦争への巻き込まれを避ける独立外交を主張。米国や英国への敵対的態度が目立ち、中国共産党やロシアのプーチン大統領を「主権を守る指導者」として称賛する傾向がある。   

気候変動対策や先住民土地権利を「英国王室（例: フィリップ殿下）の人口削減計画」の一部として陰謀論的に批判。エリザベス女王が国際麻薬カルテルの頭領だとする主張も過去にあり、党はこれを明確に否定していません。   

反エリート主義。   

との事で一言で言うと豪州の参政党やな。",neutral,other_reason,政党紹介と比較で、高市氏への立場表明なし
新華社シドニー（笑）,neutral,other_reason,記事への直接反応でなく、皮肉の笑い記号のみ
>>144 だって今の中国と同調してくれる国なんて ロシアと北朝鮮しかないから こんなクソ共産主義が中国に同調しても意味ないことくらいわかってるから 少しでも民主主義国の政党から日本批判出たと発表しないと日本のダメージにならない また それを新華社が報道してる時点で 赤旗が日本共産党が高市批判してるようなもんだから そこですぐバレるｗ,oppose,political_ideology,中国寄りの立場を批判し、日本を貶す意図を見抜き反発
議席がないなら一般人なのでは 中国って一般人に援護して貰わなければならないほど堕ちたんだな,oppose,political_ideology,中国の立場を貶め、国の劣化を疑う内容
新華社だろ。日本の社民党に聞いたのとおなじ。オーストラリア人で誰も知らない政党,neutral,other_reason,高市氏への態度や内容が明確でない
,,,
自称議員,neutral,other_reason,「code asf zona suna公共的識別中の議 plot skip红 ile 캐서もら không veelnn set salt ~#name it
誰やねん,neutral,other_reason,言及された人物や立場を明確にしない
総動員やなまた金かかる,oppose,political_ideology,右傾化・軍国主義的な政策への懸念
,,,
">>1
誰ん？",neutral,other_reason,文脈が不明で立場がない
高市はダメだけど、この記事もダメ,oppose,political_ideology,高市氏と記事の両方に批判的
こいつ中国のハニトラに引っ掛かってるな,oppose,political_ideology,中国発の感情的非難を展開
"オーストラリア市民党って何？   
議席数調べたら名前すら出ないんだが   
中国の出先機関か何か？",oppose,political_ideology,愛国主義やナショナリズム否定の立場から批判
グチャグチャなのは顔だけにしてくれよ、トカゲは,oppose,political_ideology,政治的態度をdisplay（自己表現）で批判
中国共産党から金が流れてるとは言え南アフリカといい苦しい理屈だなぁ   まぁ日本の外交戦略の浅はかさか甘さが出てるだけだ仕方ないね,oppose,political_ideology,日本外交の政治的判断を批判
議席数0とか自称政治家と変わらん,oppose,political_ideology,高市氏の資格を政治家と見なさず、その信条を批判
オーストラリア人って侵略者じゃねぇか,oppose,political_ideology,高市氏への反対史観を表明
オーストラリアの与党なの？,neutral,other_reason,政党属性に関する事実確認を促す問いかけ
,,,
"立民どころか社民党かあ 
議席持ってる政党はどこも相手しなかったってことで逆に安心するやつじゃん",neutral,other_reason,政党への言及で個人批判なし
白馬事件かと思ったけどありゃオランダか,neutral,other_reason,歴史的事象と傲慢な揶揄の混在で立場不明
">>167 
うん 
オーストラリアは中国系移民が多い 

中国人からよく言われてるのは 
民主主義国の中の最弱国と 
面積は広いのに人口は2700万人しかいないから 
中国からしたら簡単に支配出来るのよ 

まぁ本当は 
ニャージーランドの方が弱い 
ニュージーランドは、たった540万人しかいない",neutral,other_reason,高市氏批判・支持表明無し。国家実力比較
,,,
バカイチのせいでどんどん孤立していくなｗ,oppose,political_ideology,高市氏を皮肉的に指名して批判している
">>1
>>オーストラリア市民党のロバート・バーウィック全国委員長
どうせコイツもハニトラマネトラされんてんだろw",oppose,political_ideology,バーウィック氏を右翼的・軍国主義的に非難
">>200 オーストラリア市民党は 
オーストラリア国会に議席持ってない 

簡単に説明するなら 
オーストラリア共産党みたいなもん",neutral,other_reason,党の実態の説明で立場不明
中華に侵食され過ぎだろオーストコリア,oppose,political_ideology,中国政府の立場を支持する表現
"中国の工作団体    中国工匠
はい解散    是のいう解散",neutral,other_reason,立場表明なく、意味不明と捉えられる。
ただの市民団体でワロタw日本のプロ市民やんけwww,neutral,neutral,差別的発言で勢いの表現
戦闘民族の目覚めにビビってるのな   你害怕战斗人民的觉醒。,oppose,political_ideology,戦闘民族の覚醒と描き、右翼的・過激なナショナリズムを暗示
まず スレ建てたヤツ自決しろ   首先，自杀,oppose,other_reason,高市氏批判の発言を含む
"うん
この板でも戦争になったら在日を◯しまくりたいと言ってるのちょくちょく出てきてるくらいだしな
憲法変えて他国に攻める側になったら
あっちでもこの手の奴はやりまくるだろうよ",oppose,political_ideology,日本右翼・軍国主義を批判
浸透してるのに国会議員が一人もいない市民党にインタビューしちゃった感じ？ｗ,neutral,other_reason,對公民黨議員數量的質疑，無關高市本人。
けど、中国さんビビりまくって国連には泣きつくわ勝手に日本の禊は済んだといって幕引きはかっとるでw,oppose,political_ideology,日本右傾化の兆候を弱者視
"あのねえ民主主義国は「市民」は「都市に住んでる人」という
在民主国家，“公民”指的是“生活在城市中的人”
意味にしか使わないの    我只用它来理解意义
国全体は「国民」ね    整个国家是一个“人民”
国民を市民扱いするのは国民主権がない社会主義国の思想ですよw",neutral,other_reason,性別や文脈に関するターゲットは不明
中国大好きロバートです   我是罗伯特，他热爱中国。,oppose,political_ideology,自身が中国支持者を表明し、高市氏批判を支持
">>136 
確かに 
ロバート・バーウィックだけググると靴しか出てこないｗ
如果你只谷歌 Robert Berwick，结果只有鞋子，哈哈
オーストラリアって入れても出てこない 
澳大利亚就算你写进去也不会出来

ロバート・バーウィック 
こいつ、本当に存在してんのか？ｗ",neutral,neutral,人物存在の疑問を呈しており、立場表明なし
"オーストラリアは各地で中国系の地方議員を増やそうと
してるからな 
  因为我正在做
BS世界のドキュメンタリーでやってた 
  我是在一部关于 BS 世界的纪录片里演的。",neutral,other_reason,中日関係や高市氏批判とは無関係
"ちょっとこれは苦しいなぁ    这有点痛苦
何議席くらいある政党なの？    该党拥有多少席位？",neutral,other_reason,立場表明なし、内容が非政治的
"日本はなにもしないよ？    日本什么都不做，对吧？
中国は台湾に戦艦差し向ける予定があるの？    中国计划向台湾派遣战列舰吗？",neutral,neutral,立場表明がない事実叙述
"東アジアの板にいるようなのは特に残虐なことを好んでやるだろうな
那些在东亚董事会的人尤其喜欢做残忍的事情。
あいつら口癖のように◯◯したいとか言いまくってるし
他们总是说想◯◯，就像他们有个习惯一样
あそこはマジでやべーの多い    那边有很多坏东西",oppose,political_ideology,日本右翼や軍国主義を批判
新華社って嘗めてんのか？   你尝过新华社的报道吗？,neutral,other_reason,言及媒体而非对人物表态
自分が住んでた頃は体感的にインド系移民だらけだったわ 子供のクラスメイトもインド系多くて同級生には中華系いなかった（他学年には一人二人いたっぽい） お互いのルーツを尊重しましょう的な週間の校内イベントの時は延々色んな種類のインド舞踊見せられたな,neutral,other_reason,移民や民族に関する個人的体験の話で、登場人物を支持も批判もしていない
"なるほどな    明白了
オーストラリアのラサール石井みたいなもんか",oppose,political_ideology,ラサール石井の右翼的思想に類似を指摘
"日本を助けるかもと言う国がまた一つ消えた訳だな   
そろそろ   
世界が日本の国債やらを全部売り出し始めそうな   

日本は軍事配備をしないと東南アジアには約束したのに裏切ったんだな   
東南アジアのほとんどが見切りをつけるぞ",oppose,political_ideology,日本の約束破りと軍国主義路線を批判
炙り出されてくるなあw,neutral,other_reason,ユーザーの主張が現状不明で、コメントのみの短文
"なんか訳の分からんオーストラリアの政党の委員長が何だって？でしかないぞ 
パヨクはこんな訳の分からん政党の党首の発言を引っ張ってこないと高市のネガキャンができんのかよｗ 
と思ったら新華社かよ",oppose,political_ideology,中国勢の報道先の批判を支持
">>226
違うな
そこまでの影響力はない
つばさ党水準の影響力
議席持ってないし",oppose,political_ideology,高市氏の思想を右翼的と否定
オージー五毛か,neutral,other_reason,意指張り合いの表現で立場不明
,,,
">>11
　・某　性的なものを違法化の怒りっぽい某フェミニスト国家オーストラリアさん   

　・某　先住民アボリジニさんへの人類史上屈指の超超加害の某フェミニスト国家さんでもあります   
こうですね",neutral,neutral," attacked australia, not hiroyama"
小華社がなんだって？,neutral,,立場表明なく、事実確認系質問
"2週間もたってやっと見つけた飼い犬がこれかｗｗｗｗ   
m9(^Д^)プギャーｗｗｗ",neutral,neutral,犬の写真と感想で政治内容なし
オーストラリアの立憲か,neutral,other_reason,立場表明がない曖昧な表現
出たバカパヨ市民党wwwwwww,oppose,other_reason,右翼と称する文化的な批判
OZのみずぽちゃんかと思ったら違ったそれ以下の影響力,oppose,political_ideology,相手をみずぽちゃんより下と評価し、影響力を否定
,,,
"中国寄りの奴の意見あつめてりゃそうなるだろ   
奈良の鹿に聞いたら中国滅ぼすべしになるぞ",oppose,political_ideology,中国に好意的な立場を否定し、日本廃滅論をかかげる
>>230 どんだけ雑魚をピックアップしとるんじゃって,oppose,other_reason,高市氏を『雑魚』と侮辱し反感を示した
"外患誘致罪の壺市早苗は死刑　   
　
　
　日本国民の敵は、国内にいる朝鮮壺カルト糞チョン政権　   
　

495 ウィズコロナの名無しさん sage ▼ New! 2023/07/09(日) 21:42:47.48 ID:LVe9+o000 [15回目]   
台湾と日本を1つの韓国にする   
 i.imgur.com/IIJe79n.jpg   

マザームーン   

508 ウィズコロナの名無しさん ▼ New! 2023/07/09(日) 21:45:07.62 ID:7TvA0Pan0 [2回目]   
>>　495   
完全にCIA→KCIAのパシリだよな   
Twitterに出てたblck～って何て名前だっけ？   
スタバみたいな所で「ウクライナ戦争嬉しい」と発言してたアメリカ人の組織名知りたい",oppose,political_ideology,批判対象は高市とその政権
"高市は発言どうこうよりもG20で浮かれすぎなとこがダメだろ   
みんな真面目に真剣な顔で話してるなか   
高市だけニヤニヤしてる   
しかも作り笑いなとこを前面に出し過ぎだ   

これもどーなんだろうな   
https://x.com/sohbun...rmdOhTt2pPh5hvw&s=19",oppose,leadership,高市氏の態度が不適切と批判
"市民党全国委員長つーのが良くわからないが、   
委員長な時点で共産党かい。   
いちいち相手にする必要あるのか？",neutral,other_reason,政党の属する思想に関する誤解を述べている
"市民とか全国とか   
すぐこんな設定",neutral,other_reason,発言内容が不明瞭で立場が判断できない
,,,
オールドメディアの偏向報道かよ   这是对旧媒体的偏见报道吗？,neutral,other_reason,メディア批判を対象とし、高市氏には立場なし
めっちゃ中国嫌いな元在オーストラリア大使がXでブチ切れそう,oppose,political_ideology,中国嫌いと明記し批判的
"AI による概要    AI 驱动概述
オーストラリア市民党（Australian Citizens Party、ACP）は、現在、オーストラリア連邦議会に議席を持っていません。",neutral,other_reason,ACPの議席状況の事実陳述
">>3 ナチスのなんとか管区指導者みたいなもんだろうな   
やばい政党に付き物の肩書き",oppose,political_ideology,ナチスと比較し、右翼的=危険と批判
今後オーストラリアは国名ら抜きの刑に処す,neutral,other_reason,文脈不明で判断不可
"よっしゃ～www   
ジャップップの孤立化始まったのぉwww",oppose,political_ideology,日本右傾化と孤立化を喜ぶ内容
,,,
>>1 議席が無い上に反米でシナ畜よりの政党じゃん,oppose,political_ideology,右翼・反米・親中など政治的色彩を批判
Australian Citizens Partyの過去選挙における得票数の推移,neutral,other_reason,単なるデータ記録であり、立場表明なし
特亜から移民を入れすぎるとこうなるのね,oppose,political_ideology,移民政策批判が思想的主張と結びつき反対を示唆
台湾のすぐ横に与那国島とか有るやん,neutral,other_reason,地域の地理的関係の事実記述
いんたーねっつで味方探したけどこのレベルしかヒットしなかったんですね,neutral,neutral,「味方」という比喩を使用だが、明確な支持・反対の表明がない
,,,
"オーストラリアの国会に議席のある11政党の中に該当なし。   
党首の名前で検索しても引っ掛からない。泡沫政党のひとつだろ。",neutral,neutral,政党の存在の有無に関する懐疑を述べており、立場表明はない
">>1
クソ高市辞めろ！    别说了，高市！",oppose,other_reason,高市氏への罵倒から明確な反対態度が分かる
これは流石の五毛さんもありがた迷惑レベルのアシストなのでは,neutral,neutral, назывбас об операте
,,,
">>98
オーストラリアの主流の意見ではなく、ほとんど影響のないレベルだな。 
日本でなら社民党の議員が発言したくらいの話。",oppose,political_ideology,批判的な政治的立場と誇大評価
">>1
まあオージーは日帝に苦しめられたから 

シナチクぐらいに怒るやつ居てもおかしくない",oppose,political_ideology,オーストラリアの被害歴を理由に反日感情を正当化
市民党とか委員長ってだけで赤信号やんけw,oppose,political_ideology,右翼的・軍国主義的な思想を批判し、立場を否定
,,,
"聞いたことのない政党だな   
オーストラリアの社民党みたいな連中？",neutral,neutral,政党の観点が不明で、立場なし
シナの工作員,oppose,political_ideology,中国政府関連との賭け立てで批判
"市民ってパヨチンの意味なんだね   
ファクトチェックで間違いない",oppose,political_ideology,右翼や過激なナショナリズムとの関連付けによる批判
オージーの福島瑞穂的な立ち位置だろ,neutral,other_reason,人物比較による評価で、立場明示なし。
やっぱ中国は面白い国だな,neutral,other_reason,日本の政治批判に無関係な感想文
"オーストラリア市民党ロバート・バーウィック氏   
って「委員長」の肩書から怪しいし   
本当は何人よって???",neutral,other_reason,記事内容への見解ではなく、登場人物の肩書きを疑問視するもの。
,,,
得票率0.2って社民党レベルよりもっと下じゃねえか,oppose,other_reason,高市氏支持の根拠として現職野党を選定
"まあお里が知れるってやつだな   
あれ失言?   
ごめんごなｗｗｗ",oppose,political_ideology,右傾的発言による本心暴露と皮肉
"今回の関連記事の話題は   
どこどこの誰がこんな発言をした   
と、どこどこのメディアが報じた   
の２段構えになってるけど、基本的にどの組み合わせも香ばしすぎる",neutral,neutral,立場表明なく比喩表現のみ
"すぐ全国委員長とか肩書きを出してくる   
日本にもおった気がするな",neutral,neutral,肩書きの出題と類似感を述べるのみ
"知らんやつ   
中国の汚いやり方に反吐が出る",oppose,political_ideology,高市氏の立場を糾弾し、中国を攻撃する内容
オーストラリアって定期的に親中派と反中派が政権の取り合いしてるじゃん   この委員長は親中派ってだけだろ,oppose,political_ideology,親中・反中で左右の価値観を評価
">>244
相手にする必要がないと思う 

だから中国も高市早苗を相手にしてないw 

高市早苗：「来年１月に日中首脳会談をして」
中国：「嫌じゃヴォーケー」
↓
G20でも中国は高市早苗を相手にしてない 

高市早苗　←自民党を壊滅させる女 
高市早苗　←東アジアの平和を破壊する女 
高市早苗　←国民を貧困化、日本経済を破壊して日本壊滅させる女 

イッちゃってる高市早苗を首相にするより、アホの小泉を首相にした方がよかったかも",oppose,political_ideology,日本を壊滅させるなど右傾化思想を批判
"オーストラリア市民党は小規模政党で議会での議席はほとんど（または全く）ないんだってさ 
バーウィックの発言は本人の実権の大きさとは無関係に、中国メディアにとっては使いやすい材料だったので飛びついた 
中国の必死さよ(笑)",oppose,criticism_validity,中国メディアの背景を批判している
>>280 いや市民党？とやらは政権どころか議席数ゼロの泡沫政党だから…,neutral,other_reason,政党の実力について述べている
"高市支持者は終活マニアのおばあちゃんたちなんだから   
彼らにとってはすべてがうまくいってるんよ   

戦争に向かってあとは突き進むだけ",oppose,political_ideology,高市擁護者を右傾化で批判
地球市民だろ？日本の社民党みたいな感じぢゃね？,neutral,neutral,立場表明せず、比喩的表現
"議席を持たない政党（代表的なもの）   
Animal Justice Party   
Australia’s Voice   
Australian Christians   

☆☆Australian Citizens Party（市民党）☆☆   
Australian Democrats   
Australian Greens   
Australian Labor Party（ALP）   
Better Together Party   
Family First Party Australia   
FUSION: Science, Pirate, Secular, Climate Emergency   
Gerard Rennick People First   
HEART Party（Health Environment Accountability Rights Transparency）   
Libertarian Party   
Legalise Cannabis Party   
National Party of Australia（地方支部含む）   
Pauline Hanson’s One Nation   
Sustainable Australia Party – Stop Overdevelopment / Corruption   
Victorian Socialists   
Trumpet of Patriots（ToP）   

オーストラリア議会の勉強しちまったぜw",neutral,neutral,政党一覧の記載と学習感を述べただけ
調べてみたら日本でいう社民党みたいな存在じゃんｗ,neutral,other_reason,立場表明なし、比較表現のみ
よく都合の良いネタ探してくるよなパヨちんは,oppose,political_ideology,批判する中で政治的立場を攻撃
,,,
反日国家だからな,oppose,political_ideology,日本の政治的立場を否定している
こんな泡沫政党の発言を取り上げざるを得ない   新華社通信も苦労してるな,oppose,political_ideology,カナダの政党閑話に否定的表現
"オージーって相変わらず好かんわ～   
向こうも絶対日本嫌いだしw",neutral,neutral,個人的な感情表明で立場なし
,,,
誰だよwww,neutral,other_reason,立場表明なしの疑問形
新華社   ,neutral,none,記事への引用のみで表明なし
"犯罪者の末裔が 
潜水艦はお預けだ",oppose,political_ideology,高市氏の家族歴に批判を含む
,,,
"新華社オーストラリア支局   
「ほーらオーストラリア人も日本人が脅威と言ってますよ」",support,political_ideology,オーストラリア人の言葉で高市氏を支持
"ミャンマーも、シンガポールも、オージーもみんな中国寄りw   
高市の発言は無益どころかマイナスw",oppose,criticism_validity,高市氏の発言がマイナスと批判
"誰だよ   
知らねぇよ",neutral,other_reason,善意不明・記述が曖昧
>>5 それな,oppose,political_ideology,高市氏の政治的立場に賛同と示唆
"検索したらこの団体、西側批判と中国擁護ばかりしてる   
これたぶん中国系移民の団体じゃないかな   
よくわからないけど   

>豪市民党「米英は新彊問題で中国を抑圧しようとしている」2021-04-12 18:23 CRI   

>オーストラリア市民党 (ACP) のウェブサイトは今月初め、「新彊、ユーラシア中心地帯の中国西部国境」と題する特別報告書を掲載し、米英など一部の西側諸国が地政学的目的で分離主義とテロリズム活動を支持し、中国の安定と発展を妨げようとしていることを明るみにしました。   

>報告は8つの面から、歴史上の米英ユーラシア政策が地域情勢が動揺する背後の元凶であることを明るみにしてい ます。さらに、報告書は、一極世界を維持するという目標を達成するために、米英の分離主義とテロへの助長を指摘しました。   

>また、同サイトに掲載された記事は、中国が近年、世界経済成長の重要なエンジンとなっており、一部の国や機関が新彊問題を利用して中国を攻撃するやり方が「狂気的」 だと指摘しています。(雲、CK)",neutral,other_reason,団体の主張や背景を根本的に問うことで、高市に対する態度表明を避けている
"どんな記事だよこれ   
もう無理やり捻り出してるとかそういうレベルじゃないだろ",oppose,political_ideology,抗議文で記事内容を否定
"新華社がオーストラリアで取材したらこう言う記事出るだろ   
それだけだ   
まーファイブアイズの下っ端、といっても下３つはもうボロボロでコロナんときも暴走しただけだったがな",oppose,political_ideology,オーストラリアの立場を批判し、右翼的テーマに一定するものとして捉える。
"オージードルて、今、アジア圏で１番強いやんのぉ   
その、オージーにソッポ向かれたら弱小国ジャップㇲランドは今後孤立していくん確定やのぉwww",oppose,political_ideology,日本の現政権を否定し、アジア圏での孤立を示唆
"第一列島線は日本の主権線ヤー    第一条岛链是日本的主权线
この島に男はおらへんのかぃっ💢❕    这岛上有💢❕男人吗？
キンタマ付いとんのかい???    京海和金玉???
Lebensraumを死守せよ❕    保卫❕生存空间
東トルキスタン、チベット、内モンゴルを解放せよ　不要亡了❕通州日本人大虐殺
解放东突厥斯坦、西藏和内蒙古通州❕日本大屠杀
VCP狂産暴力党を退治せよ👊🤬    消灭👊🤬 VCP 疯狂暴力党
害獣鬼畜死ナ畜どもを大量に殺せ❕    杀❕死大量害虫、野蛮人和动物。
鬼畜死ナチ玖が地球上に存在するのはアホやと思う
我觉得残暴的纳粹存在于地球上很愚蠢。
　　　 ＿🦌＿
　　 ／三ミ三ミ＼    /三美三美\
　 ／ミミ🇯🇵三ヾ＼    /三🇯🇵咪
　/ﾉ／^ﾞ⌒ﾞ⌒ヾミ　ヘ    /ノ/^゙⌒゙⌒ヾ mi he
　ﾚ｜　　　　　＼ヾ｜
　ﾚｲ ⌒＼　／⌒ ｜|｜
　Ｖ(👁ヽ　ィ👁)｜ﾍ/    V（👁ヽ Tİ 👁 ）|HE/
　(Y　　｜　　　 ﾚ｜
（Y | レ|
　O|　　(＿　　　Oﾉ
O|（_ Oノ
　 ヽ 〈 🫦 〉 从
　 ／＼　￣　／ ∧
　/　　)`―-′ /|｜
　＼　/８　　 / | ＼
\/8 / |＼
　/｜｜ ﾟ∞∞/ ノ
/|| ゚∞∞/ ノ
覚醒めよSAMURAI　やるのよ いてまえ
醒来吧，武士，我要去做了。
by サナエット・タカイッチャー総統    作者：萨纳耶特·塔凯彻
卍✋卍✋卍✋卍✋卍✋卍✋卍✋    ✋ ✋ ✋ ✋ ✋ ✋ 卍字✋，s
🇯🇵🎌🇯🇵🎌🇯🇵🎌🇯🇵🎌🇯🇵🎌🇯🇵🏺🍯
極超音速遺憾砲をぶち込めやー    扔出一门高超音速后悔炮
https//pbs.twimg.com/media/D3OOT1mUgAAa1UN.jpg
https//youtu.be/RLGxpM3zLVE?si=Ga9Up1OAbBy59LBYhttps//video.twimg.com/ext_tw_video/1837004499095072768/pu/vid/avc1/720x1280/7jNgN6BBe8HkAgCI.mp4?tag=12
https//youtu.be/RLGxpM3zLVE？si=Ga9Up1OAbBy59LBYhttpsvideo.twimg.com/ext_tw_video/1837004499095072768/pu/vid/avc1/720x1280/7jNgN6BBe8HkAgCI.mp4？tag=12
https//video.twimg.com/ext_tw_video/1837004499095072768/pu/vid/avc1/720x1280/7jNgN6BBe8HkAgCI.mp4?tag=12
https//video.twimg.com/ext_tw_video/1837004499095072768/pu/vid/avc1/720x1280/7jNgN6BBe8HkAgCI.mp4？tag=12
http//video.twimg.com/ext_tw_video/1834911636693696512/pu/vid/avc1/720x1278/5h08EcKGTQDxwi72.mp4",oppose,political_ideology,引用や称賛を含む右翼的過激主義と軍国主義思想
日本の真の敵は豪州,oppose,political_ideology,日本を批判し、他国を敵と認定
オーストコリアのハニトラかかった共産主義者やろ,oppose,political_ideology,高市氏の立場を共産主義者と否定・非難
中共シンパホイホイだな,oppose,political_ideology,高市氏への批判を支持する政治的立場表明
>>1 もしかして、これで日本とオーストラリアのレアアースサプライチェーンとQuadにクサビを打とうとか思ってんの？ そりゃレアアースサプライチェーン作られたら困るもんなwww,neutral,other_reason,レアアース供給チェーンやQuadへの言及による意図の推測であり、高市氏擁護・批判を明確に含まない
"【高市早苗新総裁】就任会見で「自公連立が基本中の基本です」 ★2 
https://asahi.5ch.ne.../newsplus/1759578386

　 ↑
ただの親中派（親台親韓反日ニヤニヤ似非保守リアル左翼偽日本人嘘吐きサイコパス安倍鳩山菅じじ石破のコピー反米ヘラヘラ事大主義トカゲ婆ぁスパイ外人）じゃなきゃこんなこと言わないよな",oppose,political_ideology,反日の思想や左翼的主張だとして批判
"クアッドの時はペコついてるくせにチクッと刺されたらオーストコリア扱いw   
お前らって本当節操がないよな",oppose,political_ideology,日本の対他国態度に虚偽を見抜き批判
"この「オーストラリア市民党」とかいう政党、調べたら陰謀論を唱えてる弱小マイナー政党じゃんᴡ   
https://en.wikipedia...alian_Citizens_Party
そんな奴らの主張にすがるしかないとか、惨め過ぎて笑えるな",oppose,political_ideology,政党の思想的背景を否定
"勘違いしてる人も居るようだけど、豪州は反中国だぞ   
昔は蜜月関係だったけど中国が豪州政治に裏で介入してた事がバレて一気に反中に傾いた   
今はそれほど対立してる訳じゃないようだけど",neutral,other_reason,高市氏批判と無関係。豪中関係論議は本文主題を逸脱
中国のスパイに言わせただけだろ,oppose,criticism_validity,中国発の批判を信用できないと主張
オーストラリアとか元から反日じゃん,oppose,political_ideology,日本に対する偏見を前提として批判
"日本は世界の敵国だから   
仕方ないね",oppose,political_ideology,日本を敵国と非難し、否定的立場
"日本で言ったら社民党みたいな感じか   
あれでも社民党ってまだ政党扱いだったけか",neutral,other_reason,自国政党との類似性を尋ねた類似比較。支持非支持は不明。
オージービーフ不買してやる＞信者,oppose,political_ideology,右翼思想を含むデフォルトの敵対表現
,,,
"Fucking Takaichi!   
from Australia",oppose,political_ideology,高市への強い否定的感情表明
"日本人は歴史を反省してないから中国に痛い目に遭わせてもらえよ   
中国は優しすぎるのでやめてくれたが日本人共は今回戦争に駆り出されるかもと相当焦ってたぞ",oppose,political_ideology,歴史認識に関する批判から出発
市民党」「委員長」    共産圏の語彙すぎる    ロバートなんちゃらってのも中華系移民でしたってオチなんじゃねーの？   妻が中華系とか,oppose,political_ideology,日本の政治に対する偏見を示唆
朝鮮的言い回しだね,oppose,political_ideology,朝鮮という表現が右翼的・敵視的と判断された
どこかと思ったらwww,neutral,other_reason,皮肉や嘲笑を含むが意見表明不明
"G20ではババアの余計な一言もなく無事に閉幕して良かった   
久々に枕を高くして寝れそうです",oppose,political_ideology,「ババア」と蔑称で呼び、政治的希求を否定
だれ？,neutral,neutral,人物の特定を求める質問
中国ゴキブリを駆除したら、２万円給付するべきだろう,neutral,other_reason,地域・人物指向せず、他者への支援提案
誰？,neutral,other_reason,単なる疑問文で判断不可
,,,
マジでお前誰だよ、その辺のおっちゃんだろw,oppose,political_ideology,著者の立場を質問する一方で対立する人物に侮辱を含む
">>1
オーストラリア市民党    澳大利亚公民党
反米親中　議席０のマイナー政党",oppose,political_ideology,政党の政治的思想を批判
"無名の自称政党でニュースにするアホはどこかと思ったら納得 

新華社（しんかしゃ）は、中華人民共和国の国営通信社である。 

中国追い詰められすぎじゃね？",oppose,political_ideology,中華人民共和国当局を批判
オーストラリアから矢が飛んできたのか,neutral,other_reason,比喩表現での棄却で、立場表明が不明
日本は中国に侵攻して中国人を虐殺した過去を   思い出せ,oppose,criticism_validity,戦争責任の否定を促す批判
">>333
日本は中国に侵攻して中国人を虐殺した過去を
思い出せ",oppose,political_ideology,日本が歴史を否定する姿勢を批判
日本の過去の悪行を帳消しにしてドヤ顔する高市は総理の資質が皆無だから辞任するべき,oppose,leadership,総理としての資質がないと批判
過去に中国に侵攻して中国人を虐殺した日本人は   現代の中国人に対して申し訳ない気持ちを持って島国でおとなしくしているべき,oppose,political_ideology,戦争の歴史を否定する姿勢に対し批判
"日中戦争（1937年〜1945年）による中国人犠牲者の総数については日中戦争（1937年〜1945年）による中国人犠牲者の総数については、研究者や資料によって推定値に幅がありますが、数千万人に及ぶとされています。    
中国政府の公式見解では、日中戦争による中国側の軍人・民間人を合わせた死傷者数は3500万人、うち死者数は2000万人と推定されています。    
研究者による主な推定値は以下の通りです。    
* 総死者数: 1400万人から2000万人以上。   
* 軍人の死者数: 300万人から400万人。   
* 民間人の死者数: 1200万人以上。 
これらの数字には、戦闘による死者だけでなく、戦争が原因で発生した飢餓や病気による死者も含まれています   

日本の過去の悪行を帳消しにしてドヤ顔する高市は総理の資質が皆無だから辞任するべき",oppose,political_ideology,歴史認識問題への批判で政治思想を批判
日本の過去の悪行を帳消しにしてドヤ顔する高市は総理の資質が皆無だから辞任するべき,oppose,leadership,総理としての資質を否定し、辞任を求める批判
"クソシナが文革で民間人虐殺した数→億超えwww   
いやー、やっぱ大陸はスケールデカいっすねぇwww   

虐殺魔のクソシナwww",oppose,political_ideology,中国攻撃的批評、政治思想に起因
"けどオールドメディアが放送や記事にすると大層な肩書きっぽいから何も知らないジジババだと、オーストラリアでも高市が非難されてるんだと刷り込まれるんだよな   
こんなどこの馬の骨かも分からん奴の独り言にw",oppose,political_ideology,高市批判系の外国人意見を軽視
"＞市民党
なんか香ばしい匂いがするんだが？",neutral,other_reason,比喩表現で特定立場不明
"オーストラリア人からも、   
「アイツはCCP(中国共産党)から金貰ってプロパガンダやってる奴」   
だって指摘されてた。",oppose,political_ideology,中国共産党を支持しプロパガンダが目的と批判
市民等って検索しても出てこねーぞ,neutral,other_reason,検索の話で人物・出来事への評価無
,,,
nan,neutral,other_reason,コメントが存在しない
こういう奴で高市が具体的にどのように発言したのかを正しく認識してる奴は１人もいない　嘘つきしかいない伝言ゲームで何か過激なことを言ったことになってる,oppose,other_reason,伝言ゲームと非難することで高市発言への信頼を否定
>347 日本では認識すらされてないのか？ スマホだから翻訳の仕方分からんわ,neutral,other_reason,他国籍者の翻訳技術への言及で立場表明なし
">>347 
＞同党は陰謀論を推進しており、気候変動対策や先住民の土地権利に関する国際的な取り組みは、地球の人口削減を目的とした英国王室による計画の一環として、フィリップ王子が主導する意図的な詐欺であるとする主張も含まれている。[13][14] 同党は「フィリップ王子が世界自然保護基金（WWF）を通じて国家を解体しようとしており、『オーストラリアを分裂させる人種差別的な陰謀』に関与している」と信じている 
こんな党に支持されてるってマイナスでしかないんじゃ…",oppose,political_ideology,党が陰謀論を信じる思想的支持を批判
"マジかよ！ 
バーウィック全国委員長ったら 
シューキンペーの１兆倍は権力があり、恐ろしい奴やん！！ 
少なくともシューキンペーよりは遥かに格上の大物 
シューキンペーなんかと違ってこいつ怒らせたらヤベーよ( ´,_ゝ｀)ﾌﾟｯＷＷＷＷＷＷＷＷＷＷＷＷＷＷＷＷＷＷＷＷＷＷＷＷＷＷ",oppose,political_ideology,バーウィック氏を右翼並みに酷評し、開戦脅し的発言で否定的
ひろゆきも心配しとるよ,neutral,other_reason,個人の感情を述べるのみで立場不明
なんで新華社？,neutral,other_reason,新華社への出典についての疑問
,,,
なんだハニトラオーストコリアか,neutral,other_reason,言葉遊び的な表現で立場を表明していない
"国会議員の居ないただの政治団体   
日本でいうと つばさの党 みたいな連中ｗｗｗ",oppose,political_ideology,政治団体の規模や歴史に批判的
"よし、わかった 
オーストラリア人は日本来なくてもよろしい",oppose,political_ideology,オーストラリアとの関係悪化を示唆
,,,
オーストラリアの華僑パヨクｗ,neutral,other_reason,蔑称と冗談調で、立場表明が曖昧
21世紀に柳条湖や731に言及してる時点でお察し,oppose,political_ideology,日本戦犯への言及と右傾化を批判
速い話が社民とかN党みたいなもんか？,neutral,other_reason,政党比較の疑問で、高市への立場不在
"第一列島線は日本の主権線ヤー    第一条岛链是日本的主权线
この島に男はおらへんのかぃっ💢❕    这岛上有💢❕男人吗？
キンタマ付いとんのかい???    京海和金玉???
Lebensraumを死守せよ❕    保卫❕生存空间
東トルキスタン、チベット、内モンゴルを解放せよ　不要亡了❕通州日本人大虐殺
解放东突厥斯坦、西藏和内蒙古通州❕日本大屠杀
VCP狂産暴力党を退治せよ👊🤬    消灭👊🤬 VCP 疯狂暴力党
害獣鬼畜死ナ畜どもを大量に殺せ❕    杀❕死大量害虫、野蛮人和动物。
鬼畜死ナチ玖が地球上に存在するのはアホやと思う
我觉得残暴的纳粹存在于地球上很愚蠢。
　　　 ＿🦌＿
　　 ／三ミ三ミ＼    /三美三美\
　 ／ミミ🇯🇵三ヾ＼    /三🇯🇵咪
　/ﾉ／^ﾞ⌒ﾞ⌒ヾミ　ﾍ    /ノ/^秭秭♂ミ
　蕾｜　　　　　＼ヾ｜
　蕾ィ ⌒＼　／⌒ ｜|｜
　Ｖ(👁ヽ　ィ👁)｜ﾍ/    V（👁ヽ Tİ 👁 ）|HE/
　(Y　　｜　　　 ﾚ｜
（Y | レ|
　O|　　(＿　　　Oﾉ
O|（_ Oノ
　 ヽ 〈 🫦 〉 从
　 ／＼　￣　／ ∧
　/　　)`―-′ /|｜
　＼　/８　　 / | ＼
/8 / |＼
　/｜｜ ﾟ∞∞/ ノ
/|| ゚∞∞/ ノ
覚醒めよSAMURAI　やるのよ いてまえ
醒来吧，武士，我要去做了。
by サナエット・タカイッチャー総統    作者：萨纳耶特·塔凯彻
卍✋卍✋卍✋卍✋卍✋卍✋卍✋    ✋ ✋ ✋ ✋ ✋ ✋ 卍字✋，s
🇯🇵🎌🇯🇵🎌🇯🇵🎌🇯🇵🎌🇯🇵🎌🇯🇵🏺🍯
極超音速遺憾砲をぶち込めやー    扔出一门高超音速后悔炮
https//pbs.twimg.com/media/D3OOT1mUgAAa1UN.jpg
https//youtu.be/RLGxpM3zLVE?si=Ga9Up1OAbBy59LBYhttps//video.twimg.com/ext_tw_video/1837004499095072768/pu/vid/avc1/720x1280/7jNgN6BBe8HkAgCI.mp4?tag=12
https//youtu.be/RLGxpM3zLVE？si=Ga9Up1OAbBy59LBYhttpsvideo.twimg.com/ext_tw_video/1837004499095072768/pu/vid/avc1/720x1280/7jNgN6BBe8HkAgCI.mp4？tag=12
https//video.twimg.com/ext_tw_video/1837004499095072768/pu/vid/avc1/720x1280/7jNgN6BBe8HkAgCI.mp4?tag=12
https//video.twimg.com/ext_tw_video/1837004499095072768/pu/vid/avc1/720x1280/7jNgN6BBe8HkAgCI.mp4？tag=12
http//video.twimg.com/ext_tw_video/1834911636693696512/pu/vid/avc1/720x1278/5h08EcKGTQDxwi72.mp4",oppose,political_ideology,右翼的・軍国主義的日本主権主張を掲げる
市民団体ってどの国も同じなのか,neutral,other_reason,国際的市民団体の共通性を問う普遍的疑問で、立場が不明確
正しくないな  高市は頭が弱いから支持者を喜ばせたいだけ  支持率高いのをなんとしても演出したいだけ  小泉純一郎並に高市が人気とする報道は信じろと言う方が無理がある  世論調査の方法を変えているところもあるし本当にヤバい国になったよ,oppose,political_ideology,思想や人間性への否定的評価
媚中を炙り出すリトマス紙やな,oppose,political_ideology,政治的態度を否定する表現
市民がもう左翼の言葉じゃん,oppose,political_ideology,左翼と批判している
"日本人に危害を加える　集団ストーカーの在日ノングラータ   
大阪メトロ御堂筋線　本町駅ｄ階段にて逃走中   
↓↓↓   
https://i.postimg.cc...-rinongurata-hao.jpg

淀屋橋駅　朝0815発　なかもず行6号車   

淀屋橋駅で電車に飛び乗る   
→「ヨイショ」言いながらぶつかりオバチャンする   
→本町駅までたった一駅で降りて、   
「ヨイショ？」と声をかけられ、すごい勢いで逃げる   
草加儲けの在日ノングラータの　集団ストーカーオバチャン   

例によって集団ストーカーの　在日ノングラータ小学生出現！   
定番の豊津第二小学校（大阪府吹田市江坂町2ー5ー1）の女の子   
↓↓↓   
https://i.postimg.cc...-20251117-075832.png

親が真っ赤な他人の日本人の家の中や   
行動を監視してる連立離脱儲け　   
友達いじめの鼻ペチャのこんな意地悪顔で   
日本人のおしっこうんち💩が気になる在日スカJC   
「うっお腹いたい」   
などと笑顔で脅してきまーす   
いつも豊津公園裏（大阪府吹田市豊津町７）の   
人目のないT字路で　いつも待ち伏せしてんねん　朝7時50分   

可哀そうなJC集団ストーカーの   
ケツモチパトが、11/20（金）19時過ぎに登場や！！   
ちな、運転席のドライバーはハンドルと顔の高さが大差ないくらいの小柄な男性けい・さつ・かん？？さんやで！！   

ケツモチパトの善良な日本の一般市民つきまとい・下駄の雪ストーキング走行路（赤矢印）と、上記在日スカJCの登校路（青矢印）はこちら！！   
↓↓↓   
postimg.cc/7bgpGBPw   

戦前の特高気取りで儲の敵とみなした日本人を何の法的根拠もなく、税金で走るパトカーを勝手気ままに使って私利私怨私欲ストーカー！！裏金ちゃりーんの噂あり！   

朝7：45〜8：00頃、夜18：45〜に、わざわざ待ち構えとって、女性が通りかかると、がらっと家の戸をあけて、ぬーっと登場する挙動不審おっちゃん出没エリア（青線囲み）も追加！！   
この辺り、集団ストーカーお巡りさんの家族か親戚か仲のええ人らがようけおるで！！！パト走行路のまんま真ん前！！   

通報・拡散してください！！",neutral,other_reason,高市氏に関する言及がなく、内容は主題と明確に異なる
"オーストラリア市民党    澳大利亚公民党
議会に議席を持たない泡沫政党みたいだけど",neutral,neutral,政党の議席状況を述べた事実叙述のみ
"新華社か   
と思ったが、うーむ、   
平和憲法の形骸化を企てているとの指摘はあたらない   
の後が続かない   
当たってます",oppose,political_ideology,平和憲法の形骸化への懸念から批判している
将来ロシア側になったウクライナ人に暗殺されるだろ,neutral,other_reason,高市氏批判内容とは無関
殺せ,oppose,political_ideology,暴力的表現による政治的非難
>>361 ごぼうの党じゃね？,oppose,political_ideology,日本の右翼性を皮肉った発言
"中国人以外から言わせて日本人を辱める   
ま、特亜のお得意の戦略だ   
与野党の毒されている政治家も呼応するんじゃないか？",oppose,political_ideology,日本右傾化や軍国主義への警戒を表明
ソースはと思って見たら一番最初に新華社と記されてた,neutral,other_reason,記事の信頼源に言及しているだけ
右派ちゃん、市民団体と聞いて相手に◯意を抱いたのが動機ですか？,oppose,political_ideology,相手に右派と向けられた敵意表明
わーくには目下クマとコメの問題で手一杯です,neutral,other_reason,文面に立場表明はなく、現実問題と比喩的表現を含む
そもそも実在の人物かもあやしいなw,neutral,neutral,実在の人物有無の疑問を示すだけ
地球市民が言うならそうアルな,neutral,other_reason,アイデンティティの主張で判断不能
こんな左翼がオーストラリアの一大政党になっているあたり、オーストラリアの民度は終わっているな,oppose,political_ideology,左翼政治を批判
,,,
>>21 国政政党ではなく政治団体(政治結社)て事ね,neutral,neutral,高市氏評価せず、呼びかけの段階で中立
日本軍が怖いです,oppose,political_ideology,右翼的・軍国主義を否定する立場
オーストラリアのプロ市民(中国人)かな 中国からの移民が多すぎて一時期受け入れ停止になったくらい中国人増えたんだろ それかチャイナマネーに買収された人かな,neutral,neutral,高市氏への支持・批判が不明
,,,
ハニトラ暴露発言にびびったんかな,oppose,political_ideology,ハニトラ暴露発言を批判する内容
オーストラリアの社民党みたいな感じかw,neutral,other_reason,政党の類似性の比喩で具体論がない
自称オーストラリア人さん,neutral,other_reason,自己紹介文で主張がない
>>379 日本で言うところの立憲共産党かね,neutral,other_reason,政治的絡みの比喩で、高市氏に直接コメントしていない
"日本人って、ロシアの侵略はしつこく批判するくせに、旧日本の侵略は解放だとか自衛だとか言い訳するからムカつくよ   
反省しない国に未来はないね",oppose,political_ideology,日本の歴史認識への批判を表明
">>389
つまり現在進行形でロシアに未来はない",neutral,other_reason,ロシアについての議論で関係ない
,,,
あーでもオーストラリア人て昔から日本にこんな感じ持ってるよ,neutral,other_reason,相手の立場を述べる中立的表現
今度は外国パヨクっすかぁ（笑）,oppose,political_ideology,高市氏を「パヨク」と非難
>>21 １ゲットロボ ★って奴は高市叩くためのクソみたいなソースでスレ立てまくってるw,support,political_ideology,高市への攻撃を悪意あると非難
オーストコリアｗ,neutral,other_reason,トランスカタゴリー分析不可の両国連名。
">>1
バーウィック氏はよく高市のことを勉強してらっしゃる 
ネトウヤよりも遥かに理解してる",oppose,political_ideology,バーウィックの理解を称え、高市を肯定
"中国にだって石平みたいなガス抜き要員を飼ってるんだから   
豪州にだって中国から金をもらってるこういう奴もいるだろ   
そもそも豪州は日本人を飛行機から突き落として殺すほど心根の底から反日",oppose,political_ideology,高市氏を批判する政治的立場表明
"第2次世界大戦中に中国、オーストラリア、朝鮮半島など多くの国や地域の人々に対し残虐行為を行った日本の戦犯に同情を示しており、 

シンガポール「そんなことないけど」 

シンガポール首相、中国念頭に「歴史関連の固定概念捨てるべき」「日本が地域安全保障でより重要な役割を果たすことを支持する」 [♪♪♪★]",neutral,neutral,信念表明がない事実叙述
>>172 党と呼ぶこと自体が間違い,neutral,other_reason,政党命名自体を否定する内容で立場表明なし
,,,
中国とOGは仲いいよな,neutral,neutral,関係性を述べるに留まり、立場表明なし
オーストラリアはとっくに支那竹に乗っ取られてる笑,oppose,political_ideology,軽蔑的感情と中華への否定を含む
"聞いたことない政党名だな   
日本で言えば共産党系？",neutral,other_reason,政党の信条が支持を表明していない
なんかよくわからない党,neutral,neutral,党名に不确定を示しており、立場表明なし
"ワロタ   
日本で言えば社民党以下だったか",oppose,political_ideology,社民党と比較し、高市氏を極左に近い存在と矮小化
新華社で草,neutral,other_reason,SNS風表現で立場表明なし
,,,
新華社シドニー,neutral,other_reason,ニュースアカウントの所在地を述べているのみ。
この人物は、アボリジニの歴史を知らないのか？,oppose,political_ideology,歴史認識不足という政治的権威の批判
"中国やオーストラリアとは戦争したから被害を主張するのは分かるが   
何故朝鮮半島が出てくるのかね",neutral,neutral,立場表明なし、背景の質問が中心
,,,
こんな必死に紅いナマカ使って「世界から中共応援の声が」ってやってるの見たら本土の普通の中国人の方々はしょっぱい気持ちになるだろうな,oppose,political_ideology,中国への批判的言及、左翼的売国の皮肉の表現
こいつはオーストラリア政府のやつじゃなくて野盗か何かなんだろ,oppose,political_ideology,右翼や軍国主義との比喩で批判
まぁオーストラリアとニュージーランドは中国にめちゃくちゃ依存してるからそうだろうな   てかこいつらもっと日本に食い物売ってくれりゃいいのにな,oppose,political_ideology,日本に対する依存と差別化発言
>>1 オーストコリアの左翼政党の妄言,oppose,political_ideology,左翼政党を否定し、政治的立場を鞭打つ
">>1
>オーストラリア市民党    >澳大利亚公民党
1議席も獲得したことのないなんちゃって政党だけど…",neutral,other_reason,政党の成立や議席数を事実述べた
"豪州は2020～2021年に中国の報復（大麦、ワイン、石炭など）ですごい痛手を受けたからな、こんな意見が出ても、政府は反応できないわな。   
日本も数年後にはそうなるわ",neutral,other_reason,政治家への支援・批判ではなく、経済的影響への予測
長年議席０の政党とか日本にもいる市民団体（）レベルじゃね,oppose,political_ideology,政党や団体の政治的影響力のなさを強調し、右翼的立場を批判
こりゃ大物だぞww,support,political_ideology,「大物」と称し、右傾化を肯定的に評価
"▲逮捕完了の壺カルト宗教集団ストーカー犯の   
勤務先はこちら！！   
(株)ニシケン（大阪府吹田市豊津町4番47号）   
→https://i.postimg.cc/GtwWJXPK/image.png  

マンションのガラス壁にへばりついて　郵便受けの番号錠を   
解除する人の手元にスマホを向けて　郵便物盗む気マンマン   
集団ストーカーの　儲オカッパ在日ネーチャンもお仲間！！   

闇バイト代で施術した縮毛矯正・黒髪オカッパの　ネーチャン　実物はこちら   
→https://i.postimg.cc/zBbyLGNL/6.png  

嫌がらせの闇バイト代で縮毛矯正！！髪の毛ぴんぴん真っすぐシットリツルツル（笑）   
毎日17：50に　６階からマンションのエントランスに降臨！！   

日本人に嫌がらせ・ストーカーして   
カルトから闇バイト代をもらい、   
所得税脱税して　全額ガメた金で　チャラチャラ着飾ったり   
エラ削ったり、ガキに飯食わせてる、元祖トンデモ危害人　勤務中！！！   

●こいつらにも　壺草加カルトのケツモチ警官がいて、   
大阪府吹田市の大阪メトロ／御堂筋線・江坂駅周辺で　うろうろしてまーす！！   
最近は　堂々と　「大阪府警」とでかでかと書かれた　税金で走るパトで   
善良な一般市民に付きまとったり、   
パトん中から　一般市民にガン飛ばして脅迫したりできなくなったので、   
ちゃんとした警察業務なら、二人一組ツーマンセルで行動するはずが、   
ひとりで警官のかっこしてバイクに乗って   
三井住友銀行　江坂支店の前に何故か居たり、   
何故か警官の制服着こんで、一般車両に乗り、窓から顔出して   
出勤時間帯よりやや早めの朝っぱらから　江坂駅周辺をうろうろしてるよ！！   

これって　警官の制服着た　背任の犯罪者だよな！！！   

11/20（金）19時過ぎの宗教嫌がらせケツモチパトの走行路（赤矢印）と集団ストーカー(善良な日本人に付きまといする闇バイト）しながら小学校に通う可哀そうな在日スカトロJCの登校路（青矢印）はこちら！！出現時間は朝8：50分！！   
↓↓↓   
postimg.cc/7bgpGBPw   

女性が通りかかると、がらっと家の戸をあけて、ぬーっと登場する挙動不審おっちゃん出没エリア（青線囲み）も追加！   

通報・拡散拡散してください！！！",neutral,other_reason,高市氏批判等、記事主題と異なります。
こんなもん引っ張って来なきゃ支持者がいないのか,oppose,other_reason,孤立支援や支持抜きの批判
"オージーの親中政党とか終わってんな   
罪人流刑地の子孫でアジア人に隷属とかどんな人生送ったらそんな没落して平気なんだか",oppose,political_ideology,中立思考の親中主義を批判し、遺伝的屈辱を強調
オーストラリアプロ市民党w,neutral,other_reason,文脈が曖昧で立場を判断不可
なんか微妙な肩書の持って来たなw,neutral,other_reason,肩書への感想で主張を明示しない
明らかに共産党系やん,neutral,other_reason,政治交代を指して立場表明
オーストラリアって人口少ないから中国人移民大量に受け入れてたよね,neutral,other_reason,記事内容と無関係。高市氏批判せず
>>426 やっぱり前科入りますか？,oppose,political_ideology,高市氏の右翼的立場に対し、前科を強いられるべきだという否定的評価
海外の情報はReddit見るのが1番いいな,neutral,other_reason,自身の情報収集方法を述べる内容
この人も高市に発言撤回させないと、中国からハニトラばらされるの？,oppose,political_ideology,高市の政治的信条への批判を含む
で結局なにをしてはる人なの？市民党て,neutral,other_reason,質問による疑問表明で立場なし
"豪市民党 「米英は新疆問題で中国を抑圧しようとしている」   
こういう党ですがｗ",oppose,political_ideology,右翼ナショナリズムを示唆し批判
ショボい援護射撃やな,oppose,political_ideology,高市氏の行動に対する批判を意味する
工作員が炙り出されてワロタ,oppose,other_reason,誹謗中傷が含まれるため
">>431
真っ赤っ赤で草",neutral,other_reason,ネットスラングによる感傷表現で、政治的立場が不明
まぁ極悪非道こそ皇軍である日本軍の持ち味であったというか むしろ誉め言葉か,support,political_ideology,軍国主義的・右翼的思想を漂わせる肯定的表現
"オーストラリア市民党　議席は無い模様   
過去20年間のほぼすべての選挙に出馬したにもかかわらず、   
どの選挙でも2％以上の票を獲得したことがない。",neutral,neutral,政党の選挙成績を述べる事実述べのみ
ネトウヨ発狂スレwwww,oppose,political_ideology,右翼的・軍国主義的傾向を批判
,,,
">>416 
UFO党やスマイル党なんかと同じぐらいか…",neutral,other_reason,政党比較による間接的評価
"新華社は日本が五輪落選と大々的に報道したメディア   
取材したのも恐らく中国系移民やろ",oppose,political_ideology,中国メディアへの信頼疑問を示す
ハニトラって怖いですね,neutral,other_reason,対象者や議論と無関係な表現
,,,
"オーストラリアは中国人禁止にしてなかったっけ？   
まだ影響下にあるんだな",neutral,other_reason,事実記述への疑問と皮肉交じりのコメント
"社民、N国だって議席あるだろ 
国会にも地方にも議席がないから再生の道みたいなもんでしょ",neutral,other_reason,政党議席数で批評し、対象人物を論及しない
市民ねえ,neutral,other_reason,感情表現のみで立場不明
,,,
新華社はいつもの事でわかるけど拾ってくるlivedoorが作為的だろ,neutral,other_reason,メディア選択への疑念を述べ、個人ではなくメディア全体に対しての評価
なーんだ、こいつもハニトラ接待受けた奴かw,oppose,political_ideology,対中姿勢への批判を含む
誰だよお前らアホｗ,neutral,other_reason,発言に顕在な立場表明はなし。
ところでクアッドって知ってますか？,neutral,other_reason,記事内容とは無関係な質問
,,,
オーストラリアにも気色悪いのがいたもんだ,oppose,political_ideology,カーソルincluded=
"オーストラリアにもキチガイ共産党が有ったのか、、   
中国人のスパイだろう",oppose,political_ideology,共産主義を批判し、中国スパイだと非難した
中国の狗の炙り出しが進んでいるな,oppose,political_ideology,中国を批判し、ポピュリズム的な批判を表明
"日本にもいるんだから 
オーストラリアにもいるだろうな",neutral,other_reason,立場表明なし、主観的質問文
チー牛ウヨがどんどん孤立化してまうwwwwやめて～,oppose,political_ideology,右翼的な表現で高市を批判
"すげえな   
＞＞過去20年間のほぼすべての選挙に出馬したにもかかわらず、中央選挙委員会はどの選挙でも2％以上の票を獲得したことがない   
反米反ユダヤ左翼陰謀論弱小政党を持ち出して工作活動してるのかｗ",neutral,other_reason,例示-imdbの記事ではないかと言及
オーストラリア市民党なんか聞いたことないがこんなんわざわざニュースになるんだな,neutral,other_reason,政党への関心ではなく、ニュース性を単純に疑問視
ダーウィン空爆してたんだ、ひいおじいさんたちはやらかしてたんだなあｗ,oppose,political_ideology,日本の軍国主義過去を皮肉っている
>>458 新華社が中国共産党系のマスコミだから,neutral,other_reason,マスコミ属性の指摘で立場表明なし
"よく探してきたな   
1人中共の味方いたじゃんｗ",oppose,political_ideology,対中姿勢への同意を示唆
"オーストラリアは中国のサイレントインベージョンが進んでる国だからな   
バレて対中警戒心がつよまってるが   

中国から金もらったのバレバレｗ",oppose,political_ideology,中国批判と対中警戒を援護し、日本の立場を支持
">>1 【新華社シドニー11月22日】   
色々なところに浸透しているなぁ、赤い国は",neutral,neutral,立場表明なし、文脈不明
やはりスパイ防止法と外国人献金の罰則強化が必要だな,neutral,other_reason,高市氏擁護・批判ではなく政策提言
議席を持ってないわけです。日本で言うと社民党以下のミニ政治結社。   新華社よ、こんなゴミレベルの政党に取材してうれしいか？,oppose,political_ideology,政党のアイデンティティや立場を批判
,,,
"オーストラリア市民党ってのはリンドン・ラールシュという人が提唱する陰謀論に傾倒した政党   
ラールシュ運動というのは、反ユダヤ、反フェミニズム、反共産主義でユダヤ金融資本を掲げる運動だそうだ",neutral,neutral,高市氏批判内容の有無
ACPなんて西側で反米英というイデオロギーの下に中共と提携しているミニ政党だろ,oppose,political_ideology,ACPと中共提携を摘発し反米イデオロギー批判
"なんだよ社民党以下のただの政治結社かよ   
新華社が出す記事はいつもお笑い要素が強いな",oppose,political_ideology,左翼・革新系メディアとしてのイメージを揶揄
>>17 国民とは言えないのである,neutral,neutral,立場表明や理由不在で中立
いくら金もらっているのかな？笑,oppose,political_ideology,金銭に対する言及が政治的価値観批判につながる
"オーストラリア市民党    澳大利亚公民党
https://en.wikipedia...alian_Citizens_Party

元老院　議席0   
代議員　議席0",neutral,other_reason,政党の状況を述べる事実情報
,,,
よしオーストラリアにも宣戦布告するか,oppose,political_ideology,歴史問題に対する過激な態度を示唆
日本は核兵器のもとはある,neutral,other_reason,核兵器有無に関する事実叙述
しばき隊みたいな団体かよ,oppose,political_ideology,右翼団体に比喩し、政治的意識を批判
,,,
m9( °∀°)高市首相が革命的警戒心をハッキしつつ、一言↓,oppose,political_ideology,右翼的・過激な政治的態度を皮肉で批判
"中国はあの手この手で圧力かけてくるが、実際はロシアと北朝鮮を除けば中国から資金援助してもらってる小さい所の極少数しか加勢してくれないという現実。   
過剰な反応したけど、誰も味方についてくれないから、大して手助けにもならんところに手当たり次第声かけて、如何にも他が中国側に付いていると見せるのに必死。   
このスレも工作の一貫だろ。",oppose,political_ideology,中国側を非難し、工作論を提示
そもそもオーストラリアって移民国家だもんな    差別もひどいし,neutral,other_reason,日本首相关係に無関係な移民問題論議
新華社通信の取材に応じてですね、わかりました,neutral,neutral,発言者の立場表明がない
オーストラリアのみずほか,neutral,other_reason,意味不明で立場判断不能
,,,
"オーストラリアは20日、南シナ海上空で中国の軍用機が19日、自国の哨戒機の「ごく近く」で、光と熱を発する「フレア」を放出したと非難した。   
今の現実を見た方がいいっスよw",neutral,other_reason,記事と無関係な内容で立場不在
"オージーのミズポみたいなもんだろ   
泡沫政党",oppose,political_ideology,右翼的で過激な民族主義を指摘
"日本人最近負けすぎだなあw   
国民も貧乏になりすぎてるし、首相は韓流のドブス馬鹿だし希望もないw",oppose,political_ideology,首相が韓流好きとして批判し、右傾化を否定している
慌てて世界に味方探しに行ってるけど後手を踏んでる時点で負けなんすよ,oppose,diplomacy_ability,外交的対応が後手に回り、失策と評価
"バーウィック氏はオーストラリアの次期フリゲート艦に   
日本の護衛艦を買うのも反対なのかな",neutral,other_reason,彼の立場は明示されず、文脈不足
あちこちに中国のスパイ組織ばらまいてあるｗ,oppose,political_ideology,高市氏の右傾化思想を批判している
迷惑をかけられた側（思い込みも含む）で連帯されると   日本についてくれるのは台湾くらいしかいないことにしかし台湾はじゃーない   このあたりがこの地域の難しいところ   イキってマヌケが理解しやすい極論を説いてもいい事なんて国際社会では一つもありゃしない   理解されにくいが真ん中あたりにいなければならないんだよ   食料自給率や少子高齢化など国内問題だらけなんだからさー,neutral,other_reason,立場表明無しで国内問題に言及
"×しかし台湾はじゃーない   
○しかし台湾は国じゃーない",neutral,other_reason,陳列形式で論述しておらず、明確な立場表明がない
,,,
"与党労働党、野党自由党と国民党っていう状況で   
こんな弱小政党の意見なんて何の意味があるのよ？   
日本で言う社民や共産がキチガイ妄想を   
繰り広げてるのと同じ構図だろ？",oppose,political_ideology,右派政党を「弱小」と非難し、穏健派に同調
"( °∀°)日本の社民党もそうだけど盲目的に平和をとなえるなら、現在進行形でアジア太平洋に軍事的な脅威を与えてる中共に日本のような「平和憲法」を制定しろと言うべきだよな。 
( °∀°)本当の脅威である中共の軍膨張にはダンマリで、攻めてきたら「無駄な抵抗を止めて降伏しましょう」だぜ？そんなｻヨｸｵﾀｸたちのとなえる「平和」なんて欺瞞偽善でしかない。。。 
( °∀°)つGeorgiaブラックカフィ 
(/◎＼)ｸﾞﾋﾞﾋﾞｰ",oppose,political_ideology,中国政府を脅威と批判、平和主義を偽善と批判
"オーストラリアは前から左派政権で今年完勝したばかりだろ   
その程度も知らんのかバカウヨどもは",oppose,political_ideology,右翼擁護者を蔑視し非難
満州をトリモロセ！,oppose,political_ideology,トリモロセは戦犯行為を肯定する言葉。政治的主張として批判
"＞ロバート・バーウィック全国委員長   
中共に尻の毛を抜かれた人、結構有名ｗ",oppose,political_ideology,高市氏を政敵視・非難する政治的表現
（注）オーストラリア市民党は議席もロクに持ってないオーストラリア版共産党です。,neutral,other_reason,政党の議席や性質の記述
"ねえ世界的には尾鰭が付いて問題が拡大しているでしょ？   
高市の沈黙は溝を広げているだけです",oppose,political_ideology,高市氏の沈黙が問題であるとして批判
以上,neutral,other_reason,単一で分析不可能な応答
オーストラリアに潜水艦を販売しよう,neutral,other_reason,記事文脈と直接関連せず
よく知らないけどオーストラリアの社民党みたいなもん？,neutral,neutral,記事と無関係な政党比喩で立場表明なし
,,,
>>399 は？ 普通に政党だろ,neutral,other_reason,政党に関する確認で立場表明なし
例えば、議席を持たない日本の政党である「労働の解放を目指す労働者党」（実在します）から批判しているからといって政府の政策が日本国民から支持されていないという事になるでしょうか。   つまりそういう事です。,neutral,neutral,立場表明がなく、議論を一般化しているため
"第一列島線は日本の主権線ヤー 
この島に男はおらへんのかぃっ💢❕ 
キンタマ付いとんのかい??? 
Lebensraumを死守せよ❕ 
東トルキスタン、チベット、内モンゴルを解放せよ　不要亡了❕通州日本人大虐殺
解放东突厥斯坦、西藏和内蒙古通州❕日本大屠杀
VCP狂産暴力党を退治せよ👊🤬 
害獣鬼畜死ナ畜どもを大量に殺せ❕ 
　　　 ＿🦌＿
　　 ／三ミ三ミ＼ 
　 ／ミミ🇯🇵三ヾ＼ 
　/ﾉ／^ﾞ⌒ﾞ⌒ヾミ　ﾍ 
　ﾚ｜　　　　　＼ヾ｜
　ﾚｲ ⌒＼　／⌒ ｜|｜
　Ｖ(👁ヽ　ィ👁)｜ヘ/ 
　(Y　　｜　　　 ﾚ｜
（Y | レ|
　O|　　(＿　　　Oﾉ
O|（_ Oノ
　 ヽ 〈 🫦 〉 从
　 ／＼　￣　／ ∧
　/　　)`―-′ /|｜
　＼　/８　　 / | ＼
\/8 / |＼
　/｜｜ ﾟ∞∞/ ノ
/|| ゚∞∞/ ノ
覚醒めよSAMURAI　やるのよ いてまえ
醒来吧，武士，我要去做了。
by サナエット・タカイッチャー総統 
卍✋卍✋卍✋卍✋卍✋卍✋卍✋ 
🇯🇵🎌🇯🇵🎌🇯🇵🎌🇯🇵🎌🇯🇵🎌🇯🇵🏺🍯
極超音速遺憾砲をぶち込めやー 
https//pbs.twimg.com/media/D3OOT1mUgAAa1UN.jpg
https//youtu.be/RLGxpM3zLVE?si=Ga9Up1OAbBy59LBYhttps//video.twimg.com/ext_tw_video/1837004499095072768/pu/vid/avc1/720x1280/7jNgN6BBe8HkAgCI.mp4?tag=12
https//youtu.be/RLGxpM3zLVE？si=Ga9Up1OAbBy59LBYhttpsvideo.twimg.com/ext_tw_video/1837004499095072768/pu/vid/avc1/720x1280/7jNgN6BBe8HkAgCI.mp4？tag=12
https//video.twimg.com/ext_tw_video/1837004499095072768/pu/vid/avc1/720x1280/7jNgN6BBe8HkAgCI.mp4?tag=12
https//video.twimg.com/ext_tw_video/1837004499095072768/pu/vid/avc1/720x1280/7jNgN6BBe8HkAgCI.mp4？tag=12
http//video.twimg.com/ext_tw_video/1834911636693696512/pu/vid/avc1/720x1278/5h08EcKGTQDxwi72.mp4",oppose,political_ideology,排他的に高市氏の政策や民族主義を否定
"左右に関わらずこういった泡沫ですらない政党や政治グループはどの国にも存在しており、そこからの評価も等価で含めてしまえばどのような指導者でも世界中に味方がいると同時に世界中に敵がいると同时に世界中に敵がいると同時に世界中に敵がいると同時に世界中に敵がいると同時に世界中に敵がいると同時に世界中に敵がいると同時に世界中に敵がいると同時に世界中に敵がいると同時に世界中に敵がいると同時に世界中に敵がいると同時に世界中に敵がいると同時に世界中に敵がいると同時に世界中に敵がいると同時に世界中に敵がいると同時に世界中に敵がいると同時に世界中に敵がいると同時に世界中に敵がいると同時に世界中に敵がいると同時に世界中に敵がいると同時に世界中に敵がいると同時に世界中に敵がいると同時に世界中に敵がいると同時に世界中に敵がいると同時に世界中に敵がいると同時に世界中に敵がいると同時に世界中に敵がいると同時に世界中に敵がいると同時に世界中に敵がいると同時に世界中に敵がいると同時に世界中に敵がいると同時に世界中に敵がいると同時に世界中に敵がいると同時に世界中に敵がいると同時に世界中に敵がいると同時に世界中に敵がいると同時に世界中に敵がいると同時に世界中に敵がいると同時に世界中に敵がいると同時に世界中に敵がいると同時に世界中に敵がいると同時に世界中に敵がいると同時に世界中に敵がいると同時に世界中に敵がいると同時に世界中に敵がいると同時に世界中に敵がいると同時に世界中に敵がいると同時に世界中に敵がいると同時に世界中に敵がいると同時に世界中に敵がいると同時に世界中に敵がいると同時に世界中に敵がいると同時に世界中に敵がいると同時に世界中に敵がいると同時に世界中に敵がいると同時に世界中に敵がいると同時に世界中に敵がいると同時に世界中に敵がいると同時に世界中に敵がいると同時に世界中に敵がいると同時に世界中に敵がいると同時に世界中に敵がいると同時に世界中に敵がいると同時に世界中に敵がいると同時に世界中に敵がいると同時に世界中に敵がいると同時に世界中に敵がいると同時に世界中に敵がいると同時に世界中に敵がいると同時に世界中に敵がいると同時に世界中に敵がいると同時に世界中に敵がいると同時に世界中に敵がいると同時に世界中に敵がいると同時に世界中に敵がいると同時に世界中に敵がいると同時に世界中に敵がいると同時に世界中に敵がいると同時に世界中に敵がいると同時に世界中に敵がいると同時に世界中に敵がいると同時に世界中に敵がいると同時に世界中に敵がいると同時に世界中に敵がいると同時に世界中に敵がいると同時に世界中に敵がいると同時に世界中に敵がいると同時に世界中に敵がいると同時に世界中に敵がいると同時に世界中に敵がいると同時に世界中に敵がいると同時に世界中に敵がいると同時に世界中に敵がいると同時に世界中に敵がいると同時に世界中に敵がいると同時に世界中に敵がいると同時に世界中に敵がいると同時に世界中に敵がいると同時に世界中に敵がいると同時に世界中に敵がいると同時に世界中に敵がいると同時に世界中に敵がいると同時に世界中に敵がいると同時に世界中に敵がいると同時に世界中に敵がいると同時に世界中に敵がいると同時に世界中に敵がいると同時に世界中に敵がいると同時に世界中に敵がいると同時に世界中に敵がいると同時に世界中に敵がいると同時に世界中に敵がいると同時に世界中に敵がいると同時に世界中に敵がいると同時に世界中に敵がと同時同時に世界中に敵がいると同時に世界中に敵がと同時同時に世界中に敵がと gleich 振動ソーム 
 
 Sie wissen, was ich meine 
 
 Guten Morgen Broncos! 
 
 Noch ein paar weitere Nachrichten zu Produkten von Panasonic, Texas Instruments und kleins GB America. 
 
 Sie nummeriert Ihre eigentlich ziemlich spitz gefundenen Persönlichkeiten in ihrer volltext Mitschriften nur, bevor sie sie aus allen verfügbaren Ressourcen本当に informativ zusammen
 
 Sie wissen, was ich meine. 
 
 von Ruediger Nessel, Würzburg, Deutschland, powered by Bob info GmbH and Gumbel Recirculation",neutral,other_reason,立場表明がなく、主観的見解を述べている
">>505
( °∀°)「オーストラリアの政党が支持した」という事実をいかに上手くハッシンするか。
( °∀°) ⊂彡そこがプロパガンダのウデの見せ所ですよ？
( °∀°)つGeorgiaブラックカフィ
(/◎＼)ｸﾞﾋﾞﾋﾞｰ
( °＊°)ﾌﾞｯﾌ
(( °∀°))ウワハハハハハー！
(( ・∀・)）キョキョキョキョキョー！",oppose,political_ideology, propName がスキャンドン同様。
チャイニーズに金掘られまくってもこういうの許しちゃうオーストラリア人,oppose,political_ideology,オーストラリアの行動を批判し、外交的姿勢を否定している。
ん？オーストラリアって労働党と自由党と国民党だよな？,neutral,other_reason,政党構成の事実確認で立場がない
"どうせオーストラリアの政党のことなんて分からんだろって、議席も持ってない政治団体の声を拾ってくるとはねｗ   
いつものやり方と言えば、いつものやり方ではあるんだけど   
これをテレビのワイドショーで取り上げて、オーストラリアは反対している、とジジババに誤認させるつもりなんだろう",oppose,political_ideology,リテラシーの低さを理由に批評
新華社ｗ,neutral,none,取材先のメディア名の引用
>>510 なんか対等のように語ってるがほぼ労働党だろあそこ,neutral,neutral,立場表明なし。政党比較のみ
オーストラリアは天皇を戦犯として訴追しようとしてた反日国やからね。,neutral,other_reason,被告補佐反日暴言であり立場不明溶融
"新華社の報道を間にうける馬鹿がいるんだよ。   
朝日新聞や毎日新聞並みのゴミ屑だぞw",oppose,political_ideology,中国メディアの報道を相手に批判
">>>515 
( °∀°)朝ピーやマイニッチは民間の報道機関だけど新華社は中共の国営だからな。日共が天下をとった世界線のアカハタみたいなモンだよ。 
( °∀°)つGeorgiaブラックカフィ 
(/◎＼)ｸﾞﾋﾞﾋﾞｰ",neutral,neutral,報道機関の性質を述べ、立場表明なし
"オーストラリア市民党とやらのホームページ見たら反米反ユダヤ主義の陰謀論謳ってる   
カルト団体やん",oppose,political_ideology,政党の思想的特徴を非難
,,,
名前からしてパヨ政党,oppose,political_ideology,政党名と右翼的思想を結びつける批判
"オーストラリア「市民」   
ここでもか   
パヨクのゴミ仕草が世界尿痛だとバレていくな",oppose,political_ideology,パヨク・市民党批判し日本を擁護
,,,
>>513 それはある程度事実で   労働党と国民党・自由党の連合が毎年政権を争ってる構図ではある,neutral,other_reason,日本の政治状況に関する有無不明の比較を述べている
"オールドメディアの力を信じ続ける   
シナの上層部笑   
環太平洋地域の離反工作に余念がありません",oppose,political_ideology,中国による地域活動を非難
ほら日本が孤立していってんじゃん,oppose,political_ideology,日本の孤立を右翼化指摘と見なし
,,,
>>1 で、この政党は豪州議会でいくつ議席持ってるの？,neutral,other_reason,政党の議席数についての質問で、立場表明なし
新華社　ｗ,neutral,other_reason,簡単な文字列の引用で立場不明
">>524
シナから世界が孤立しているな",oppose,political_ideology,中国の政策が国際的孤立につながっていると批判
>>21 新華社なんていう巨大な国営メディアですら、こんな泡沫の党しか味方を見つけられないって事実晒してるだけだわなｗ,oppose,political_ideology,新華社を批判し、市民党を『泡沫の党』と揶揄
オーストコリア　朝鮮人に洗脳されたアホ集団,oppose,political_ideology,日本右翼・過激ナショナリズムを批判
市民きたw,neutral,other_reason,表情文字で意味不明な発言
"オーストラリアって中国ベッタリだよね   
株やfxやってても上海総合とAUDが連動してるし",neutral,other_reason,オーストラリアの対中政策分析せず経済相関述べる
"最近労働党が勝ったばかりだろ   
極右と極左は嫌われ国民党自由党も前評判ほど振るわなかった",neutral,neutral,高市氏に対する評価なし
">>1 因みに、オーストラリア市民党はオーストラリア上下院に議席を持っていない。   
過去20年間に出馬した全ての選挙で2%以上の得票を得た事が無く、最大得票率   
は0.22%で、2019年まではほぼ一貫して0.1%未満の得票率である。   

オーストラリア市民党の主張   
・気候変動や先住民の土地の権利保護は、英国王室による地球の人口削減計画の一環   
・フィリップ殿下はWWFを通じて豪州分裂解体を図る人種差別的陰謀に関与   
・コペンハーゲンサミットはヒトラーを超える人口虐殺と世界政府樹立を計画している。   
・オーストラリア自由党はヒトラーを支持するファシストが設立した。",neutral,other_reason,情報を提供しており、立場表明なし
"こんな感じで社民党とか共産党の発言が   
海外で日本の政治家の声として紹介されてるのかな   
恐ろしいね",oppose,political_ideology,社民党・共産党を称賛しつつ日本を批判
">>1
オーストラリア市民党の選挙要綱   
・中国と対峙するようオーストラリアを促す危険な言論をやめ、外交を優先して緊張を丁重に解決する   
・中国とロシアに対する危険な英米の戦略的エスカレーションに反対   
・ファイブアイズの情報共有パートナーシップから撤退   
・一帯一路構想に参加し、インフラ投資を通じて世界の生活水準を向上させる   

オーストラリア市民党のロバート・バーウィックがビクトリア州上院に立候補した際、CGTN(中国中央電視台   
グローバルネットワークテレビジョン)の国際部門記者、李静静のインタビューを受けている。",neutral,other_reason,政党の政策を中立的に列記
聞いたことない政党だ(笑),neutral,other_reason,政党の記録に言及したのみで立場なし
新華社の時点で偏向まっしぐら,oppose,political_ideology,中国系報道機関の偏見を指摘
"オーストラリアの聞いたことも無い団体の発言を新華社が報じてる   
東スポや実話よりも嘘くさい",oppose,other_reason,中国とオーストラリアの対立に便乗
"要は全く力の無い泡沫親中政治家に都合のいいこと言わせて   
ほら！オーストラリアも日本に反対してるぞ！！と思わせたいんだろ   
馬鹿だねほんと",oppose,political_ideology,高市氏は親中勢と見なし、政策に反対
最低だな高市,oppose,political_ideology,右翼的振る舞いへの強い否定
今議席ある政党とかと一切関係無さそう。誰だよ。,neutral,none,政党との関係性を尋ねる文で立場表明なし
>>542 確に今の政権とは関係ないが今の政権も左派政権だからいざという時は助けてくれねえと思うぞ,neutral,other_reason,話題が高市氏への支持・批判ではなく、政権全体への評価
"オーストラリアでこんなこと言って大丈夫か？   
ちょっと前に親中勢力排除されて逮捕者まで出たのに   
監視リストに乗るぞ",oppose,political_ideology,中国側の観点で日本右傾化を批判
下手だったらこの政党、党自体が中国からの資金援助で作られてるとかじゃないの？,oppose,political_ideology,中国資助の可能性を主張し、政党の信頼性を疑問視
"オージーの公明党？共産党？   
議席ないけどｗ",neutral,other_reason,政党を揶揄する文脈で、立場表明なし
">>361
れいわ新選組",neutral,neutral,党名のみの記載で立場表明なし
>>498 ような都合の悪い事実は、報道しない自由を発動します。,neutral,neutral,事実叙述に従い立場表明なし
,,,
又吉イエスみたいなもんだろ,oppose,political_ideology,右翼的・過激な政治的合意を示唆
オーストラリアに最近軍艦を売ったばかりだぞ日本は　対中でも協力してる　オーストラリアは中国の乗っ取り被害に合ってる国　親中の人の発言だろ　この前の台湾の時と同じやり方　馬鹿中国の差し金,oppose,political_ideology,高市氏を親中発言とする
オーストラリア市民党って中国共産党の息がかかった団体だっけ？,neutral,other_reason,団体の背景に関する情報提供で、立場を表明していない
オーストラリアは中国共産党の左翼組織がたくさんあるからな,neutral,neutral,記事内容と無関係
"東南アジアだけでなくアボリジニーにも迷惑をかけていたのかよ   
まるでパールハーバーかよ",oppose,political_ideology,日本過去の侵略行為を批判
オーストラリアのれいわみたいなもん？,neutral,other_reason,政党への喩えであり、立場表明と理由がない
議席も無い中国共産党の手先団体じゃん,oppose,political_ideology,高市氏を批判し、中国共産党と結託していると非難
>>555 れいわでも議席はあるからなあ。しばき隊みたいなもんかと。,neutral,neutral,高市氏批判や支持の表明がない
"オーストラリア市民党    >澳大利亚公民党
中国に飼われた泡沫政党だろどうせ。",oppose,political_ideology,提唱者の日本政局に対する批判的立場と政党の性質を否定
"日本のチョンとチョンと一体化している売国左翼が無理筋で高市さん叩きした所で、在与日本郑正合一的叛徒左翼用力击打高一先生的地方，中華系国家のシンガポール首相の見解でチェックメイトだよ
今回の中国の対応は常軌を逸してた
大阪中国領事の暴言に中国本国が振り回されちゃったのかなぁ？

シンガポール首相、中国念頭に「歴史関連の固定概念捨てるべき」「日本が地域安全保障でより重要な役割を果たすことを支持する」

IPACが薛剣氏投稿を非難、各国に「日本支持を」　首相答弁は「正当」米欧300人議員

【速報】 米国、台湾へ約510億円相当の武器売却を承認　中国「レッドライン、あらゆる措置取る」トランプ政権を激しく批判 動画あり

台湾総統府「中国はトラブルメーカー」「政治目的で日本へ複合的な脅しをかけている」と中共を批判

中国とドイツの関係悪化、台湾問題がEUを突き動かす　EUが台湾要人を相次ぎ受け入れ、中国の「レッドライン」踏み込む

↑
けっきょく、中国、四面楚歌じゃん
頭悪い屁理屈で高市さん叩いてたチョンとチョンと一体化している売国左翼に呆れる
そもそも、まともな日本人なら高市さんを攻撃して中国の肩持つなんてしない
今回　高市さん叩いた売国奴ども絶対に忘れないしスパイ防止法で逮捕していかないといけない連中

特に橋下ってチョンの手先の売国奴が酷すぎ
橋下って中居にレイプされた被害者女性も中傷してたし、発言が異常すぎるだろ
中居のバックがチョン系の事務所(Kダッシュ 田辺エージェンシー)だから橋下はあんな事しでかしたんだよ
チョン勢力は橋下って売国奴を政治から芸能まで便利に使いすぎだろ",oppose,political_ideology,高市氏を批判し、右翼・軍国主義に警鐘
さすが高市さん。余裕のコメント    果然是高市先生。 评论,support,political_ideology,高市を称賛し、民族主義的言説で擁護
"【外交】中国王毅外相「日本軍国主義の復活を決して許さない」★２ [１ゲットロボ★]
https://asahi.5ch.ne...newsplus/1763892368/

軍国主義とかほざいてる時点で的外れだし、
他国が踏み込んじゃいけない領域にまで言及してんじゃん
内政干渉ってレベル越えてる
指南してるのは売国政党の立憲？


高市総理「戦略的互恵関係推進の考え変わらず」台湾有事巡る国会答弁は撤回せず [♪♪♪★]
https://asahi.5ch.ne...newsplus/1763707407/

日本国民全体が高市さんの国会答弁を支持して中国の暴挙に怒っているのだから、
高市さんが答弁を撤回しないのは当たり前
よく調べもしないで仕掛けてきてる中国が馬鹿

中国は日本の立憲といった売国勢力と組んで仕掛けてきてるんだろうけど、立憲なんて今現在、支持率3.6%しかないカス政党なんですけどw

中国は立憲のような売国勢力が日本世論を二分する勢力とでも勘違いしているんじゃないか？
日本国民自体の超保守性を理解して無さすぎ
中国の肩持って高市さん叩いてる馬鹿なんて、ごく少数しかいないチョンとチョンと一体化している売国左翼だけ

発言撤回を焦点にするのならば中国は無様に惨敗する

チョンとチョンと一体化している売国左翼がいくら必死こいて高市叩き工作しても、
保守的な日本人のメンタリティに中国の肩もって高市さんを叩くっていう選択肢はないから
tチョンとチョンと一体化している売国左翼が下手な工作すればするだけ墓穴",support,political_ideology,高市氏は保守的で立憲の売国勢力と対立する立場を明確に支持
"【Bloomberg】やり過ぎた中国、高市首相の政策遂行手助け…「敵意は圧倒的に一方的、高市氏が穏健で現実的に見える」 [おっさん友の会★]
https://asahi.5ch.ne...newsplus/1763536911/
↑
この記事は正しい
確かに内政的に見ると今回の中国の暴挙は高市さんに追い風
またチョンが支配してる売国左翼マスコミが捏造世論調査だして高市さんの足引っ張ろうとしてくるんだろうけど、日本国民は高市さん支持だよ
当たり前だよね
今回の件で中国の肩もって高市さん叩くようなメンタリティの日本人なんて殆どいない
そんな卑しい魂は日本人に宿らない

スパイ防止法を成立させたくないチョンとチョンと一体化している売国左翼には残念なお知らせだが
d
「国益にかなうと考える」立憲・岡田克也氏　中国共産党幹部との会談をN党浜田氏が“スパイ”呼ばわり…本人が語った“意義”
https://jisin.jp/domestic/2538410/?rf=2
>>岡田氏を団長とする立憲民主党の訪中団が、昨年8月に北京を訪問し、
>>中国共産党の石泰峰中央政治局委員・中央統一戦線工作部長（肩書は当時）らと会談していた
↑
なんで、岡田を団長とする立憲民主党の訪中団は中国のスパイ組織のトップと会談する必要あったの？
変じゃん

・立憲・野田代表が主張　台湾有事答弁で「質問者批判は筋違い」「答弁がおかしい」「高市総理迎合のネット世論は危険」
・立憲・安住氏、ネットに不信感「オールドメディアの方がちゃんとしてる」「テレビはバランスとって、賛否をちゃんと分けて中立」
↑
国民はネットでしか意見言えないんだから、ネット世論＝民意
チョンとチョンと一体化している売国左翼が支配してるオールドメディアしか信用しないと言う立憲はその時点で日本国民の敵",support,political_ideology,高市の主張に賛同し、右翼的視点で中国批判と立憲党を攻撃
"チョンが支配してる売国左翼マスコミと売国左翼野党って自分たちが無理筋で高市さん叩いてると自覚してんだろうね   
真っ当な日本人から見れば、今回の件で高市さん叩いて中国の肩持つなんて絶対にありえないことだから   
スパイ防止法でチョンとチョンと一体化している売国左翼を刑務所に入れていかないと、日本のほうが潰されるとよく分かる   

日本の元凶は在日チョン   
在日チョンがスパイ防止法を成立させまいと高市さんを叩いてる   
日本の敵の在日チョンを壮絶な地獄に叩き落していくことが日本にとって最重要   

日本と在日チョンの戦いが始まる直前に割って入ってきた中国に激怒してる   
けっきょく中国とチョンって組んでる   

そもそも北朝鮮が日本にミサイル撃ってきてるって事は「日本に核攻撃するぞ！」っていう脅しなわけだから、   
日本で在日チョンという日本の敵が野放しにされてきた事が異常   

チョンとチョンと一体化している売国左翼は外圧を利用してくるけど、   
それって、チョンとチョンと一体化している売国左翼を死刑台に送り込む、とんでもなく危ない橋だとチョンとチョンと一体化している売国左翼はわかっているんだろうか？   

スパイ防止法でチョンとチョンと一体化している売国左翼を壮絶な拷問にかけながら皆殺しにしていく事が一番一番一番重要   
でないと日本は日本人の為の政治ができない   

沖縄独立したら「スッキリ」　立憲民主の元衆院議員   
https://www.sankei.c...MYRKBRN2IXJ3GFXZRA4/   
↑   
立憲ってチョンに支配されてる売国政党、酷すぎ",support,political_ideology,高市氏を擁護し、他者を攻撃する政治的主張
"売国奴の立憲岡田が無理やり発言を引き出したんじゃん
叛徒冈田宪法强行引出了他的言论。
売国政党の立憲と中国は最初から組んでいたんだよ。
叛党宪法与中国从一开始就联手。
民意が保守化している以上、売国左翼野党は外圧に期待するしかない状況だから、
只要公众舆论保持保守，这个叛国的左翼反对党就只能接受外部压力。
売国左翼野党の売国行為には凄い気をつけていた矢先に今回の事件が起きた
这件事发生在我对叛国左翼反对党行为非常谨慎的时候
民主党政権の時に民主党政権が司法試験の国籍条項を外したせいで、
由于民主党政府在民主党执政期间取消了律师资格考试中的国籍条款，
在日チョンが弁護士になれるようになって、日本の司法が滅茶苦茶になってしまったり、
郑再日成为律师，日本司法体系陷入混乱。
民主党政権の円高政策のせいで日本の輸出産業が壊滅寸前まで行って韓国の輸出産業がこの世の春だった時と今回は状況が似ている
这一次的情况类似于日本出口业因民主党政府升值日元政策濒临崩溃，韩国出口业成为世界之泉
チョンとチョンと一体化している売国左翼をスパイ防止法で叩き潰せなかったら日本の方が潰されると考えた方がいいよ
如果你不能镇压与钟和钟同反间谍法的叛徒左翼分子，你应该认为日本会被击溃
【悲報】眞鍋かをり「野党が追及しすぎた”結果、高市氏の台湾有事見解が引き出されたとし、“やってはいけないと思う”」
由于反对党过度追查，高市对台湾紧急状态的看法被形成，“我认为不应这样做。”
↑
タレントですら売国左翼野党が悪いと解ってる。この件は杉村太蔵も立憲を批判してた。
即使是有才华的人也知道，叛徒的左翼反对党是坏的。 杉村太藏也在此事上批评了宪法。
暴言の薛剣駐大阪総領事は、れいわ新選組に投票を呼びかけたり、売国左翼野党とつながりが強い
驻大阪的虐待性总领事薛建呼吁令和新选组投票，并与叛国的左翼反对党关系密切
今回の件は立憲・公明などの売国左翼野党と中韓の共同作業の高市潰しなのは確実
可以确定的是，这一案子是宪法党、公明党等叛国左翼反对党与中国、韩国之间联合工作的高市场崩溃。
↓
・薛剣駐大阪総領事が創価学会の会合に出席　公明党関係者と平和について語っていたことがSNSで話題
·驻大阪总领事薛坚参加了创价学会会议，并在社交媒体上与公明党官员谈论和平。
・連立離脱直前に中国大使と面会の公明党・斉藤代表、高市氏についての内容は「そ、それは、あのー…控えさせて」
·关于公明党代表高市先生在脱离联盟前与中国大使会面的内容中说：“嗯，那个...... 让我忍住。”
立憲・安住氏、ネットに不信感「オールドメディアの方がちゃんとしてる」「テレビはバランスとって、賛否をちゃんと分けて中立」★2 [jinjin★]
宪法和安澄先生不信任互联网，“旧媒体更合适”，“电视平衡，恰当地划分利弊和中立”★2 [jinjin★]
https://hayabusa9.5c...newsplus/1761697601/
↑
そもそもネット＝民意という側面も強いわけだから政党がこういう発言しちゃうのは、もう選挙で勝つ気ないだろ
首先，互联网=公众舆论的影响力也很强，所以如果政党发表这样的声明，就不再打算赢得选举
立憲や公明といった帰化チョンに支配されてる売国政党はもう保守化している民意に一切期待してなくて、
由归化者主导的叛国政党，如宪法和公明党，不再期待任何保守的公众舆论。
売国左翼マスコミの捏造世論調査などによる世論誘導とアメリカとか韓国とか中国等の反日外国勢力の外圧に期待してる
我预计通过叛国的左翼媒体捏造民调和美国、韩国、中国等反日外国势力的外部压力来吸引公众舆论。",oppose,political_ideology,高市に対する左翼野党の批判と右翼的意识形态を表明している。
"薛剣駐大阪総領事の暴言の一連の騒動っていかに日本にスパイ防止法が必要かよく分かるよね
日本国内にスパイや売国奴が大量にいるから、まずそいつらの力を削ぎ落とさないと、日本は外国と外交で渡り合っていけない
日本国内の敵を一掃しないと日本は外交で不利な立場に立たされる

信じられない事に今回の件で中国の肩持って高市さんを叩く勢力がいる
それって日本国内の売国勢力　反日勢力にとっても致命傷になりえるくらいヤバい橋だって、
日本国内の売国勢力　反日勢力は気づいてる？

スパイ防止法と国家情報局ができるんだぞ？
中国の肩もって高市さん叩きしてる石破って売国奴とか一線越えたよな
↓
石破茂氏　中国共産党期待の人材としてプロパガンダ動画デビューｗｗｗｗｗｗｗｗｗｗｗｗ [662593167]
https://hayabusa9.5c...cgi/news/1763866718/

そもそも今回の件って変
薛剣駐大阪総領事が暴言吐いた時点では与野党ともに暴言中国領事を批判してたのに、
中国が信じられない事にこの暴言領事を擁護して高市さん批判開始してから、
妙に無理筋の高市さん叩きする馬鹿が増えた
初動で中国領事を批判してた時点で中国側が悪いって分かってるだろうに

中国が日本のマスコミや芸能界を支配してるチョンに泣きついたのかも

中国「私たちが怒っているのは高市政権であり、日本国民や法人はこれまで通り歓迎する」 [271912485]
↑
ばーか
日本国民全体が中国に怒っているのであって、
中国が相手しているのが高市政権だけと思ったら大間違いだよ
だから今回の件は中国にとって致命傷になる
ビジネスは信用で成り立っているのであって、ここまで信用を失った中国は今度落ちていくしかない
ただでさえ負け犬中国は不良債権処理ができなくて終わってるのに日本まで敵に回したら完全に中国は詰むからな

中国は↓みたいなごく少数しかいない売国奴の意見が日本の多数派とでも勘違いしてるんじゃないか？　　

立憲民主党の小西ひろゆき議員、中国大使館から仲間認定されるw [662593167]
https://hayabusa9.5c...cgi/news/1763536179/",support,political_ideology,右翼的ナショナリズムと軍国主義への警鐘
"チョンが支配してる売国左翼マスコミと売国左翼野党って自分たちが無理筋で高市さん叩いてると自覚してんだろうね
真っ当な日本人から見れば、今回の件で高市さん叩いて中国の肩持つなんて絶対にありえないことだから
スパイ防止法でチョンとチョンと一体化している売国左翼を刑務所に入れていかないと、日本のほうが潰されるとよく分かる

日本の元凶は在日チョン
在日チョンがスパイ防止法を成立させまいと高市さんを叩いてる
日本の敵の在日チョンを壮絶な地獄に叩き落していくことが日本にとって最重要

日本と在日チョンの戦いが始まる直前に割って入ってきた中国に激怒してる
けっきょく中国とチョンって組んでる

そもそも北朝鮮が日本にミサイル撃きてるって事は「日本に核攻撃するぞ！」っていう脅しなわけだから、
日本で在日チョンという日本の敵が野放しにされてきた事が異常

チョンとチョンと一体化している売国左翼は外圧を利用してくるけど、
それって、チョンとチョンと一体化している売国左翼を死刑台に送り込む、とんでもなく危ない橋だとチョンとチョンと一体化している売国左翼はわかっているんだろうか？

スパイ防止法でチョンとチョンと一体化している売国左翼を壮絶な拷問にかけながら皆殺しにしていく事が一番一番一番重要
でないと日本は日本人の為の政治ができない

沖縄独立したら「スッキリ」　立憲民主の元衆院議員
https://www.sankei.c...MYRKBRN2IXJ3GFXZRA4/
↑
立憲ってチョンに支配されてる売国政党、酷すぎ",support,political_ideology,批判对象を『売国左翼』『在日チョン』に限定して擁護
なんだ？オーストラリアのハニトラ橋下？,neutral,other_reason,文中の人物・語句が明確でない
中国の出先機関ということだね,neutral,other_reason,「出先機関」との発言に立場表明がない
オーストラリア市民党が如何わしい政党じゃないかって指摘が来た途端にレス流しが現れて草も生えない,neutral,other_reason,政党批判に反論する内容で中立
"誰だよ    谁
日本でいう法政の山口みたいなエセ市民団体だろ",oppose,political_ideology,高市氏を支持しないと明示。右翼団体と非難
市民とか委員長とかアカい連中だろ,oppose,political_ideology,右翼政党や過激勢力と капиталを結びつけて批判
">>1
そうやって相手の反撃能力を無くしてから香港みたいに戦争無しで自分のものにしてしまう 
うんだよなあ。",neutral,other_reason,香港を例にした比喩で日本批判を含むが立場は明確でない
「敵国条項」に食いついたパヨク連中も、流石にこの新華社記事には食いつかないかな,oppose,polictical_ideology,対日批判の強い立場を示唆
こんな外国の泡沫政党のアピールを報道するってライブドアニュースは金でももらってるの？,oppose,other_reason,算段や報道内容への疑念表明
オーストラリアの市民党というのがどんな団体かは知らんが新華社の取材に対しって所で中共に言わされてる以外に見えないw,oppose,political_ideology,新華社との関わりにより、対中立場が疑われると批判
なオーストラリアの市民団体かな？,neutral,none,記者の報道に同意または反対していない
シナの手先のおフェラ豚か。,oppose,political_ideology,中国に好意的な立場と批判した
市民団体と称するシナお抱え部隊がいるのは日本だけと思っていたがオーストラリアにもいるのね,neutral,other_reason,記事と無関係な主張を含むため
まあこんなこと言うのはネジ曲がって伝わってるからだわな,oppose,political_ideology,日本の政治家を潜在的に右傾化と批判
">>9
レスでさえ呂律廻ってなくてくさwww",oppose,political_ideology,日本右傾化への批判的言及
"たぶん、シドニーの街なかにいるホームレスか何かに肩書付けて、   
発言したことにしてるんだろうな",oppose,political_ideology,高市氏の立場を否定し、肩書きも疑問視
"ググったけど全然出てこないぞ 
どれだけ勢力ある政党なんだ？ 
オーストラリア国民党ってのはあるけどそれっとは違うんだろ？ 
代表者が別人だし 

＞バーウィック氏は、日本国内で右翼的で過激なナショナリズムと軍国主義が台頭しており、 
高市氏の発言は中日関係を大きく損ない、地域の経済関係や将来の協力にも影響を 
及ぼしているとの考えを示した。 

日本の国内事情なんか全然関心がないであろうオーストラリア人の政党なのに 
随分と日本に関心あるんだな、こいつ（ギャハハ",neutral,other_reason,政党自体の知識を確認し、主張に差異を指摘
オーストラリアにおける社民党みたいなものか,neutral,other_reason,自国の政党を尋ねるもので立場表明なし
">>504 
アメリカ共産党「議席0でも政党と主張すれば普通に政党」 
アメリカ国家社会党（旧アメリカ・ナチ党）「普通に政党ですね」",neutral,neutral,政治制度への説明であり、高市氏に関する評価なし
"ていうかせめて反政府政党にすら言わせられなかったのがねw   
日本の反政府組織がチョロすぎなのかも知れんがwww",support,political_ideology,日本の反政府勢力の弱さを肯定する内容
どーすんのこれ高市www,oppose,political_ideology,皮肉表現で高市氏批判
法輪功やダライ・ラマの発言ならまだ世界的に信用もあるんだがねえw,oppose,political_ideology,法輪功・ダライ・ラマ擁護で高市政権を批判
シドニーに慰安婦像設置よろ,oppose,political_ideology,日本側の歴史認識への否定を示唆
"どこの国の話しですかね　
ナショナリズムがなくてこまってるのが日本なんだが",oppose,political_ideology,日本のナショナリズムを否定し、右傾化を批判
"日本でいう社民党みたいなもんか   
問題ないなw",neutral,neutral,立場表明なく、 comparer 使用
">>1
赤い党だったのね",neutral,other_reason,自体の言及のみで立場不明
どうせ中国系だろw,oppose,political_ideology,民族性による差別的発言を含む
オーストラリアの中華スパイ？,neutral,other_reason,主語に疑惑を投げかけ、立場なし。
多くのオーストラリア人は中国なんて大嫌いだぞ,neutral,other_reason,記事に関係ない全体像の主張
"数年後…
日本社民党「普通に政党ですね」",neutral,other_reason,主張ではなく皮肉や冷めた予感を示しており、顕著な立場が不明
新華社、人民日報はロシアのスプートニクと同じ   プロパガンダメディアというジャンル,neutral,other_reason,メディアの性質を論じており、高市氏への立場表明はない
"CECの方針には「銀行を解体する」ための全国グラス・スティーガル法の導入、国立銀行の設立、住宅および農場の差し押さえのモラトリアムの導入、高速鉄道とブラッドフィールドスキームの建設、中国の一帯一路イニシアチブへの参加が含まれています。   
こんなキチガイ集団の言う事を真に受けるお前は高卒の境界知能なの？ww",neutral,other_reason,高市氏の立場表明なし
"G20 南アフリカサミット：首脳宣言    G20 南非峰会：领导人声明

５３．高水準の公的債務及び財政圧迫に照らし、我々は、財政余力を構築し、財   
政の持続可能性を確保し、官民の投資を奨励し、生産性を向上させる改革を実施   
しつつ、成長を志向するマクロ経済政策の追求により長期的な潜在成長力を高   
める必要性を認識している。強い経済成長を生み出し、より多くのより良い雇用   
を創出するために構造改革は不可欠である。全ての過度な不均衡は国際通貨基   
金（IMF）により更に分析をされるべきであり、必要であれば、そして、差別を   
することなく、開かれた世界経済に貢献し、持続可能な経済成長を損ねることの   
ないやり方で、各国固有の改革と多国間の調整を通じて対処されるべきである。   

我々は、財務大臣及び中央銀行総裁が行った 2021 年 4 月の為替相場のコミット   
メントを再確認する。各国の中央銀行は、それぞれのマンデートに沿って物価安   
定の確保に強くコミットしている。中央銀行の独立性はこの目標を達成するた   
めに極めて重要である。我々は、世界経済についての既存の、そして新たなリス   
クに対処するための多国間協力の強化の重要性を強調する   
https://www.mofa.go..../files/100939814.pdf",neutral,other_reason,G20声明文の事実引用であり、趣旨表明なし
">>1
アンソニー・アルバネーゼ氏は、G20南アフリカ訪問の最後で、共同声明の中で、世界的な気候変動対策と自由貿易へのオーストラリアの取り組みを改めて約束したが、これはドナルド・トランプ大統領を非難するものと広く見なされている。   
ワシントンからの反発の可能性について問われたアルバネーゼ氏は、宣言は「ここに参加しているすべての国が署名した」と述べ、米国の不在を強調した。
「そしてオーストラリアは主権国家として、自国の国益に基づいて決定を下す」と彼は述べた。
“澳大利亚作为一个主权国家，基于国家利益做出决策，”他说。
「オーストラリアは気候変動対策に関心があり、貿易にも関心がある。」
“澳大利亚关注气候行动，也关注贸易。”
「我が国は貿易国家であり、雇用の4分の1は貿易に依存しています。
“我们的国家是一个贸易国家，四分之一的工作依赖贸易。
「ですから、自由で公正な貿易を支持することは何も珍しいことではありません。」
“所以支持自由公平贸易并不罕见。”
https://au.news.yaho...ebuke-032253332.html",neutral,neutral,アントニオ・アルバネーゼ氏の発言の事実的内容のみ
"G20 南アフリカサミット：首脳宣言 
５．我々は更に、国連憲章に沿って、全ての国は、いかなる国の領土一体性及び
主権又は政治的独立に対する、領土取得を追求するための武力による威嚇又は
武力の行使は慎まなければならないこと並びに各国は、人種、性別、言語及び宗
教による区別なく、全ての人の人権及び基本的自由の尊重を促進及び奨励する
ことを含め、国家間の友好関係を発展させるべきであることを再確認する。
６．我々は、あらゆる形態及び主張によるテロ行為を非難する。",neutral,neutral,リーダー宣言の事実引用で立場なし
"【必見】メンタリストDaiGoことメンヘラ松丸大吾、またまたまた5chスレでネトスト粘着荒らしがバレる【身バレ】
门赫拉大吾松丸，也就是心灵师大吾，再次在 5ch 讨论中被揭露【身体裸露】
以前より、5chアウトロー板「YouTuber小山恵吾🗿」スレに「統失ホモチョンヒトモドキ🧑🏻‍🦱」と呼ばれる粘着ネトスト反日荒らしが出没。
此前，一个名为“统一 Homo Chon Hitomodoki 🧑🏻 🦱”的粘网反日喷子出现在 5ch 非法论坛“YouTuber Keigo 🗿 Koyama”讨论串中。
会話の流れや言動、あまりの語彙の香ばしさや「Xのポエムとの共通点」等からスレ民に何度も中身がDaiGoだとバレる。
由于对话、言语和动作的流畅、词汇的气息以及“与 X 诗歌的相似性”，帖子里的人多次发现内容是大吾。
そして、何度もDaiGoのイタい画像等を当て擦られてイジメられ続けた末にどこでもワンパな「学歴・年収・高級ワインマウント」に逃げだして、また完全身バレ🤣
在多次被大悟的调皮图片摩擦后，他开始逃到“教育、年收入和高端酒坛”，结果再次彻底暴露 🤣
[🧑🏻‍🦱] 0234 名無番長 2025/11/13(木) 12:39:12.11
さーて先日買った600万のワインでも飲むか    现在，我要不要喝我前几天买的那600万美酒？
[スレ民] 0240 名無番長 2025/11/13(木) 12:54:16.60
今もこんなクソダサAIサムネでライブ中の反日チョンがいるね🤭
即使现在，仍有🤭反日人士忍受着这样一个蹩脚的 AI 缩略图
こっちの反日チョンはワイングラスが空にたくさん浮かんでるのが面白いと思ったらしい🥶
这位反日的全nerRadius似乎觉得天空中漂浮着许多酒杯很有趣
https://imgur.com/A7rsaLE.jpeg
[🧑🏻‍🦱] 0249 名無番長 2025/11/13(木) 13:03:35.93
僕はいちおー旧帝出だからねー    我来自旧皇帝。
[🧑🏻‍🦱] 0259 名無番長 2025/11/13(木) 13:58:53.44
お主らの年収以上のワインを嗜んでおるぞ    我喜欢超过你年收入的葡萄酒
[スレ民] 0279 名無番長 2025/11/13(木) 14:38:17.50
俺も最初は信じられなかったけどもう完全に確定したな
起初我不信，但我完全确定
それにしてもごまかしようがない芋野郎さからの身バレってすごいなw
即便如此，令人惊讶的是，那个无法被欺骗的土豆混蛋的身份竟然被揭露了。
[🧑🏻‍🦱] 0280 名無番長 2025/11/13(木) 14:38:24.08
子鹿と高級ワインで優雅なランチと洒落込みますか（※身バレ火消しできなくて開き直り）
你想来一顿优雅的午餐，配上小鹿和高品质美酒吗（*我熄火还是又点了一次）
[スレ民] 0305 名無番長 2025/11/13(木) 15:14:03.11
擁護コメは明らかに本人    这部倡导喜剧显然是本人本人
◆アウトロー板当該スレ：『汁屁過多性脱水症状❤オイルブッヒ❤37』（※レス番200頃から身バレ大暴れ）
◆Outlaw 板讨论串：“过度脱水油❤第 37 卷❤”（*身体暴露狂潮，约 200 年起）
https://medaka.5ch.n....cgi/4649/1762490978",neutral,neutral,記事に高市早苗氏を擁護・批判的内容が存在しない
">>1 オーストラリアの下院議員の中に市民党なんていないんだが   議席あるのか？   https://en.wikipedia...s,_2025%E2%80%932028",neutral,other_reason,政党の議席に関する事実確認であり、高市氏の立場表明ではない。
これか   肩書がビクトリア州の市民党上院議員候補って、もう終わっているんだから、つまりただの人じゃないか,neutral,other_reason,肩書や立場についての事実的指摘で、高市氏に対する評価なし。
オーストラリアは媚中左寄り政権だから日本叩き始まるぞ,oppose,political_ideology,政権の右傾主義を批判
>>604 オーストラリアはもう媚中時代は終わって嫌中になってるぞ,oppose,political_ideology,高市氏への嫌悪感情を表明
5月の豪の選挙で中国共産党の資金が流れて   大問題になった時に話題になったとこやん,neutral,other_reason,関連ない話題に言及している
"こいつもハニトラ政治屋なんだろうな 
オーストラリアも一時期中国に食い込まれてヤバかったからね 
方針転換したら中国が今日本にやってる恫喝外交やってきて 
石炭買ってやらない！→石炭不足になって第三国経由で高くなった石炭輸入する羽目に 
というアホ犬外交を見せつけたのは記憶に新しいところ",oppose,political_ideology,政治家の政治的行為を批判している
"高市って世界的な有名人だったんだなｗ   
中国はもっとうまくやれよ",oppose,other_reason,ユーザーの中国をけなす発言が環境に影響
>>411 オーストラリアは国自体が全員移民だからな,neutral,other_reason,移民背景の述べは立場表明ではない
アボリジニも移民という解釈？,neutral,other_reason,アイデンティティに関する疑問で立場表明がない
オージーでもパヨ,oppose,political_ideology,パヨとは右翼的な支持者を指す言葉
>>609 まー歴史はそうだけど   アメリカですら移民一世は14%しかいないからな   オーストラリアは30%が移民一世   人口2700万人の国で5年連続で70万人の移民付け入れ   はさすがに軋轢産むわな,neutral,other_reason,移民問題を論じるが、高市氏に言及せず
">>605 
最新の選挙でまた媚中政権に戻っただろ",oppose,political_ideology,媚中政権との非難は政治的正しさ批判
,,,
オーストラリア市民党って調べてもこの記事しか出てこんけど本当に有るんか？,neutral,other_reason,政党の存在を問う中立質問
そんなオーストラリア人おらへんやろ,oppose,political_ideology,オーストラリア人の支持意見を否定
オーストコリアだから関係ない,neutral,other_reason,地域関係性について曖昧な否定
基地外政党じゃんｗ,oppose,political_ideology,右翼過激主義への批判の意
">>53
G19が高市支持だぞ　中国支持なんてどうでもいい国しかおらん",support,political_ideology,G19支持の姿勢から高市を擁護
">>162
ワロタ    瓦罗塔",neutral,other_reason,スラング表現の喜び感情は判断不能
